tentinh,tenxa,loai,matinh,maxa,danso,dientich_km2,trungtam_hc,truoc_sapnhap,kinhdo,vido
tỉnh An Giang,An Biên,xã,32,399,53784,118.27,UBND huyện An Biên,"Thị trấn Thứ Ba, Xã Đông Yên, Xã Hưng Yên",105.097,9.7871
tỉnh An Giang,An Châu,xã,32,350,65588,70.25,UBND huyện Châu Thàn hiện nay,"Thị trấn An Châu, Xã Hòa Bình Thạnh, Xã Vĩnh Thành",105.35,10.3975
tỉnh An Giang,An Cư,xã,32,498,39956,94.3,UBND xã An Cư hiện nay,"Xã Văn Giáo, Xã Vĩnh Trung, Xã An Cư",105.012,10.559
tỉnh An Giang,An Minh,xã,32,402,35596,142.3,UBND huyện An Minh,"Thị trấn Thứ Mười Một, Xã Đông Hưng, Xã Đông Hưng B",104.972,9.60108
tỉnh An Giang,An Phú,xã,32,341,49051,34.7,UBND thị trấn An Phú cũ,"Thị trấn An Phú, Xã Vĩnh Hội Đông, Xã Phú Hội, Xã Phước Hưng",105.077,10.8084
tỉnh An Giang,Ba Chúc,xã,32,501,32071,70.94,UBND thị trấn Ba Chúc cũ,"Thị trấn Ba Chúc, Xã Lạc Quới, Xã Lê Trì",104.907,10.5026
tỉnh An Giang,Bình An,xã,32,386,59475,73.43,UBND xã Bình An,"Xã Bình An (huyện Châu Thành), Xã Vĩnh Hòa Hiệp, Xã Vĩnh Hòa Phú",105.135,9.88888
tỉnh An Giang,Bình Đức,phường,32,174,72822,28.23,Phường Bình Khánh (169 Hàm Nghi),"Phường Bình Khánh, Phường Bình Đức, Xã Mỹ Khánh",105.399,10.3966
tỉnh An Giang,Bình Giang,xã,32,379,18257,163.7,UBND xã Bình Giang,Không sáp nhập,104.791,10.3092
tỉnh An Giang,Bình Hòa,xã,32,353,56484,48.63,UBND xã Bình Hòa hiện nay,"Xã Bình Thạnh, Xã An Hòa, Xã Bình Hòa",105.334,10.4623
tỉnh An Giang,Bình Mỹ,xã,32,494,6865,82.62,UBND xã Bình Mỹ,"Xã Bình Thủy, Xã Bình Chánh, Xã Bình Mỹ",105.269,10.5108
tỉnh An Giang,Bình Sơn,xã,32,377,61517,281.7,xã Bình Sơn,Không sáp nhập,104.859,10.2664
tỉnh An Giang,Bình Thạnh Đông,xã,32,484,50569,61.7,UBND xã Phú Bình cũ,"Xã Hiệp Xương, Xã Phú Bình, Xã Bình Thạnh Đông",105.259,10.6009
tỉnh An Giang,Cần Đăng,xã,32,351,35257,65.21,UBND xã Cần Đăng,"Xã Vĩnh Lợi, Xã Cần Đăng",105.301,10.3982
tỉnh An Giang,Châu Đốc,phường,32,340,97438,41.32,Phường Châu Phú B,"Phường Vĩnh Nguơn, Phường Châu Phú A, Phường Châu Phú B, Phường Vĩnh Mỹ, Xã Vĩnh Châu",105.117,10.6837
tỉnh An Giang,Châu Phong,xã,32,476,56322,49.28,UBND xã Lê Chánh cũ,"Xã Phú Vĩnh, Xã Lê Chánh, Xã Châu Phong",105.172,10.74
tỉnh An Giang,Châu Phú,xã,32,485,60137,80.11,UBND huyện Châu Phú cũ,"Thị trấn Cái Dầu, Xã Bình Long, Xã Bình Phú",105.198,10.5108
tỉnh An Giang,Châu Thành,xã,32,385,39104,47.71,UBND huyện Châu Thành cũ,"Thị trấn Minh Lương, Xã Minh Hòa, Xã Giục Tượng",105.194,9.90357
tỉnh An Giang,Chi Lăng,phường,32,495,28401,51.17,UBND phường Chi Lăng,"Phường Núi Voi, Phường Chi Lăng, Xã Tân Lợi",105.051,10.5181
tỉnh An Giang,Chợ Mới,xã,32,355,80832,50.43,UBND huyện Chợ Mới cũ,"Thị trấn Chợ Mới, Xã Kiến An, Xã Kiến Thành",105.375,10.5393
tỉnh An Giang,Chợ Vàm,xã,32,477,50436,67.48,UBND thị trấn Chợ Vàm cũ,"Thị trấn Chợ Vàm, Xã Phú Thạnh, Xã Phú Thành",105.286,10.6897
tỉnh An Giang,Cô Tô,xã,32,503,31278,176.75,UBND thị trấn Cô Tô,"Thị trấn Cô Tô, Xã Tà Đảnh, Xã Tân Tuyến",105.068,10.357
tỉnh An Giang,Cù Lao Giêng,xã,32,357,70372,68.92,UBND xã Tấn Mỹ cũ,"Xã Tấn Mỹ, Xã Mỹ Hiệp, Xã Bình Phước Xuân",105.534,10.4932
tỉnh An Giang,Định Hòa,xã,32,397,56675,143.79,UBND xã Định Hòa,"Xã Thới Quản, Xã Thủy Liễu, Xã Định Hòa",105.215,9.7568
tỉnh An Giang,Định Mỹ,xã,32,366,42328,109.77,UBND xã Định Thành cũ,"Xã Vĩnh Phú (huyện Thoại Sơn), Xã Định Thành, Xã Định Mỹ",105.266,10.3245
tỉnh An Giang,Đông Hòa,xã,32,404,45282,151.88,UBND xã Đông Hòa,"Xã Đông Thạnh, Xã Đông Hòa",104.992,9.6999
tỉnh An Giang,Đông Hưng,xã,32,406,22281,81.62,UBND xã Đông Hưng A,"Xã Vân Khánh Đông, Xã Đông Hưng A",104.881,9.65306
tỉnh An Giang,Đông Thái,xã,32,401,54321,154.52,UBND xã Đông Thái,"Xã Nam Thái, Xã Nam Thái A, Xã Đông Thái",105.001,9.79932
tỉnh An Giang,Giang Thành,xã,32,374,20039,184.14,UBND huyện Giang Thành cũ,"Xã Tân Khánh Hòa, Xã Phú Lợi, Xã Phú Mỹ",104.6,10.4479
tỉnh An Giang,Giồng Riềng,xã,32,389,70384,122.1,đang cập nhật,"Thị trấn Giồng Riềng, Xã Bàn Tân Định, Xã Thạnh Hòa, Xã Bàn Thạch, Xã Thạnh Bình",105.273,9.92527
tỉnh An Giang,Gò Quao,xã,32,395,44695,83.92,UBND huyện Gò Quao,"Thị trấn Gò Quao, Xã Vĩnh Phước B, Xã Định An",105.294,9.7456
tỉnh An Giang,Hà Tiên,phường,32,371,40609,61.35,UBND TP Hà Tiên,"Phường Pháo Đài, Phường Bình San, Phường Mỹ Đức, Phường Đông Hồ",104.469,10.4029
tỉnh An Giang,Hòa Điền,xã,32,375,24099,285.38,UBND xã Kiên Bình,"Xã Kiên Bình, Xã Hòa Điền",104.676,10.3337
tỉnh An Giang,Hòa Hưng,xã,32,392,37877,114.24,UBND xã Hòa Hưng,"Xã Hòa An (huyện Giồng Riềng), Xã Hòa Lợi, Xã Hòa Hưng",105.48,9.89649
tỉnh An Giang,Hòa Lạc,xã,32,481,30864,41.11,UBND xã Hòa Lạc,"Xã Phú Hiệp, Xã Hòa Lạc",105.201,10.7107
tỉnh An Giang,Hòa Thuận,xã,32,394,317,73.85,UBND xã Hòa Thuận,"Xã Ngọc Hòa, Xã Hòa Thuận",105.404,9.84949
tỉnh An Giang,Hội An,xã,32,360,73897,63.54,UBND thị trấn Hội An,"Thị trấn Hội An, Xã Hòa An (huyện Chợ Mới), Xã Hòa Bình",105.476,10.3786
tỉnh An Giang,Hòn Đất,xã,32,376,61517,281.7,UBND huyện Hòn Đất,"Thị trấn Hòn Đất, Xã Lình Huỳnh, Xã Thổ Sơn, Xã Nam Thái Sơn",104.93,10.2161
tỉnh An Giang,Hòn Nghệ,xã,32,3319,2546,3.46,xã Hòn Nghệ,Không sáp nhập,104.553,10.0261
tỉnh An Giang,Khánh Bình,xã,32,361,39823,104.5,UBND thị trấn Long Bình cũ,"Thị trấn Long Bình, Xã Khánh An, Xã Khánh Bình",105.088,10.9383
tỉnh An Giang,Kiên Hải,đặc khu,32,3318,17644,21.81,UBND huyện Kiên Hải (xã Hòn Tre hiện nay),Huyện Kiên Hải,104.636,9.80757
tỉnh An Giang,Kiên Lương,xã,32,372,58312,138.07,huyện Ủy Kiên Lương cũ,"Thị trấn Kiên Lương, Xã Bình An (huyện Kiên Lương), Xã Bình Trị",104.649,10.1964
tỉnh An Giang,Long Điền,xã,32,356,29479,87.72,thị trấn Mỹ Luông cũ,"Thị trấn Mỹ Luông, Xã Long Điền A, Xã Long Điền B",105.458,10.5171
tỉnh An Giang,Long Kiến,xã,32,359,57367,59.83,UBND xã Long Kiến,"Xã An Thạnh Trung, Xã Mỹ An, Xã Long Kiến",105.488,10.4477
tỉnh An Giang,Long Phú,phường,32,475,46826,19.21,Phường Long Hưng,"Phường Long Hưng, Phường Long Châu, Phường Long Phú",105.222,10.7838
tỉnh An Giang,Long Thạnh,xã,32,393,4225,96.37,UBND xã Long Thạnh,"Xã Vĩnh Phú (huyện Giồng Riềng), Xã Vĩnh Thạnh, Xã Long Thạnh",105.313,9.83867
tỉnh An Giang,Long Xuyên,phường,32,171,154858,29.98,Phường Mỹ Hòa,"Phường Mỹ Bình, Phường Mỹ Long, Phường Mỹ Xuyên, Phường Mỹ Phước, Phường Mỹ Quý, Phường Mỹ Hòa",105.423,10.3661
tỉnh An Giang,Mỹ Đức,xã,32,491,60493,61.59,UBND xã Mỹ Đức,"Xã Khánh Hòa, Xã Mỹ Đức",105.163,10.6583
tỉnh An Giang,Mỹ Hòa Hưng,xã,32,176,26727,19.65,UBND xã Mỹ Hòa Hưng,Không sáp nhập,105.436,10.4186
tỉnh An Giang,Mỹ Thới,phường,32,175,6045,37.09,UBND phường Mỹ Thới,"Phường Mỹ Thạnh, Phường Mỹ Thới",105.451,10.3305
tỉnh An Giang,Mỹ Thuận,xã,32,381,60747,210.5,UBND xã Mỹ Thuận,"Thị trấn Sóc Sơn, Xã Mỹ Hiệp Sơn, Xã Mỹ Phước, Xã Mỹ Thuận",105.078,10.1723
tỉnh An Giang,Ngọc Chúc,xã,32,391,38705,90.25,UBND xã Ngọc Chúc,"Xã Ngọc Thuận, Xã Ngọc Thành, Xã Ngọc Chúc",105.392,9.91663
tỉnh An Giang,Nhơn Hội,xã,32,378,5754,43.82,UBND xã Quốc Thái cũ,"Xã Quốc Thái, Xã Nhơn Hội, Xã Phước Hưng, Xã Phú Hội (phần còn lại sau khi sáp nhập vào xã An Phú)",105.064,10.8832
tỉnh An Giang,Nhơn Mỹ,xã,32,358,42213,79.73,UBND xã Nhơn Mỹ,"Xã Mỹ Hội Đông, Xã Long Giang, Xã Nhơn Mỹ",105.394,10.4782
tỉnh An Giang,Núi Cấm,xã,32,499,25184,84.18,UBND xã An Hảo cũ,"Xã Tân Lập, Xã An Hảo",105.04,10.4668
tỉnh An Giang,Ô Lâm,xã,32,349,37429,99.52,UBND xã An Tức cũ,"Xã An Tức, Xã Lương Phi, Xã Ô Lâm",104.947,10.4045
tỉnh An Giang,Óc Eo,xã,32,363,39481,68.79,UBND thị trấn Óc Eo,"Thị trấn Óc Eo, Xã Vọng Thê, Xã Vọng Đông",105.161,10.2631
tỉnh An Giang,Phú An,xã,32,482,40005,57.35,UBND xã Phú An,"Xã Phú Thọ, Xã Phú Xuân, Xã Phú An",105.311,10.6401
tỉnh An Giang,Phú Hòa,xã,32,362,41306,71.8,UBND thị trấn Phú Hòa cũ,"Thị trấn Phú Hòa, Xã Phú Thuận, Xã Vĩnh Chánh",105.393,10.3021
tỉnh An Giang,Phú Hữu,xã,32,388,41254,60.54,UBND xã Phú Hữu,"Xã Phú Hữu, Xã Vĩnh Lộc, Xã Phước Hưng (phần còn lại sau khi sáp nhập vào xã An Phú và Nhơn Hội)",105.118,10.8631
tỉnh An Giang,Phú Lâm,xã,32,478,33186,43.07,UBND xã Phú Lâm,"Xã Long Hòa, Xã Phú Long, Xã Phú Lâm",105.251,10.7272
tỉnh An Giang,Phú Quốc,đặc khu,32,413,294400,589.27,UBND TP Phú Quốc hiện nay,"Phường Dương Đông, Phường An Thới, Xã Dương Tơ, Xã Hàm Ninh, Xã Cửa Dương, Xã Bãi Thơm, Xã Gành Dầu, Xã Cửa Cạn",103.991,10.2751
tỉnh An Giang,Phú Tân,xã,32,483,33381,101.7,UBND huyện Phú Tân cũ,"Thị trấn Phú Mỹ, Xã Tân Hòa (huyện Phú Tân), Xã Tân Trung, Xã Phú Hưng",105.331,10.5802
tỉnh An Giang,Rạch Giá,phường,32,368,250661,45.53,Thành ủy TP Rạch Giá,"Phường Vĩnh Quang, Phường Vĩnh Thanh, Phường Vĩnh Thanh Vân, Phường Vĩnh Lạc, Phường An Hòa, Phường Vĩnh Hiệp, Phường An Bình, Phường Rạch Sỏi, Phường Vĩnh Lợi",105.1,9.99098
tỉnh An Giang,Sơn Hải,xã,32,3320,2789,4.31,xã Sơn Hải,Không sáp nhập,104.529,10.1838
tỉnh An Giang,Sơn Kiên,xã,32,380,29682,163.41,UBND xã Sơn Kiên cũ,"Xã Sơn Bình, Xã Mỹ Thái, Xã Sơn Kiên",105.002,10.192
tỉnh An Giang,Tân An,xã,32,456,41922,40.61,UBND xã Tân An,"Xã Tân An, Xã Tân Thạnh (thị xã Tân Châu), Xã Long An",105.184,10.8032
tỉnh An Giang,Tân Châu,phường,32,429,33506,17.39,Phường Long Thạnh,"Phường Long Thạnh, Phường Long Sơn",105.248,10.7737
tỉnh An Giang,Tân Hiệp,xã,32,383,66731,146.62,UBND huyện Tân Hiệp,"Thị trấn Tân Hiệp, Xã Tân Hiệp B, Xã Thạnh Đông B, Xã Thạnh Đông",105.301,10.0857
tỉnh An Giang,Tân Hội,xã,32,382,4945,146.28,UBND xã Tân Thành,"Xã Tân Hòa, Xã Tân An (huyện Tân Hiệp), Xã Tân Thành, Xã Tân Hội",105.18,10.1453
tỉnh An Giang,Tân Thạnh,xã,32,405,35806,70.8,UBND xã Tân Thạnh,"Xã Tân Thạnh (huyện An Minh), Xã Thuận Hòa",104.909,9.76306
tỉnh An Giang,Tây Phú,xã,32,364,23229,93.8,xã Tây Phú,"Xã An Bình, Xã Mỹ Phú Đông, Xã Tây Phú",105.172,10.3254
tỉnh An Giang,Tây Yên,xã,32,400,5259,127.5,UBND xã Tây Yên cũ,"Xã Tây Yên A, Xã Nam Yên, Xã Tây Yên",105.053,9.88419
tỉnh An Giang,Thạnh Đông,xã,32,384,53678,130.02,UBND xã Thạnh Đông A cũ,"Xã Tân Hiệp A, Xã Thạnh Trị, Xã Thạnh Đông A",105.253,10.0209
tỉnh An Giang,Thạnh Hưng,xã,32,390,46773,142.54,UBND xã Thạnh Phước cũ,"Xã Thạnh Lộc (huyện Giồng Riềng), Xã Thạnh Phước, Xã Thạnh Hưng",105.381,9.98824
tỉnh An Giang,Thạnh Lộc,xã,32,387,59562,104.62,UBND xã Mong Thọ B cũ,"Xã Thạnh Lộc (huyện Châu Thành), Xã Mong Thọ, Xã Mong Thọ A, Xã Mong Thọ B",105.169,10.0178
tỉnh An Giang,Thạnh Mỹ Tây,xã,32,493,6485,162.08,UBND xã Thạnh Mỹ Tây,"Xã Đào Hữu Cảnh, Xã Ô Long Vĩ, Xã Thạnh Mỹ Tây",105.126,10.5471
tỉnh An Giang,Thổ Châu,đặc khu,32,3317,1893,13.95,UBND xã Thổ Châu,Xã Thổ Châu,103.457,9.31169
tỉnh An Giang,Thoại Sơn,xã,32,367,52588,68.92,UBND huyện Thoại Sơn cũ,"Thị trấn Núi Sập, Xã Thoại Giang, Xã Bình Thành",105.227,10.2409
tỉnh An Giang,Thới Sơn,phường,32,497,33045,49.36,Phường Nhà Bàng,"Phường Nhơn Hưng, Phường Nhà Bàng, Phường Thới Sơn",105.018,10.6298
tỉnh An Giang,Tiên Hải,xã,32,3325,1872,2.54,xã Tiên Hải,Không sáp nhập,104.331,10.3164
tỉnh An Giang,Tịnh Biên,phường,32,496,34865,75.57,UBND phường Tịnh Biên,"Phường An Phú, Phường Tịnh Biên, Xã An Nông",104.951,10.5841
tỉnh An Giang,Tô Châu,phường,32,370,25865,79.77,UBND phường Tô Châu,"Phường Tô Châu, Xã Thuận Yên, Xã Dương Hòa",104.552,10.3215
tỉnh An Giang,Tri Tôn,xã,32,500,50716,73.14,UBND huyện Tri Tôn cũ,"Thị trấn Tri Tôn, Xã Núi Tô, Xã Châu Lăng",105.004,10.4256
tỉnh An Giang,U Minh Thượng,xã,32,403,46246,286.47,UBND huyện U Minh Thượng,"Xã An Minh Bắc, Xã Minh Thuận",105.105,9.59173
tỉnh An Giang,Vân Khánh,xã,32,408,21748,90.84,UBND xã Vân Khánh,"Xã Vân Khánh Tây, Xã Vân Khánh",104.879,9.56421
tỉnh An Giang,Vĩnh An,xã,32,354,33036,93.41,Đảng ủy thị trấn Vĩnh Bình cũ,"Thị trấn Vĩnh Bình, Xã Tân Phú, Xã Vĩnh An",105.168,10.4168
tỉnh An Giang,Vĩnh Bình,xã,32,410,43575,159.68,Xã Bình Minh cũ,"Xã Vĩnh Bình Bắc, Xã Vĩnh Bình Nam, Xã Bình Minh",105.248,9.60534
tỉnh An Giang,Vĩnh Điều,xã,32,373,17526,229.35,UBND xã Vĩnh Điều,"Xã Vĩnh Phú (huyện Giang Thành), Xã Vĩnh Điều",104.729,10.4572
tỉnh An Giang,Vĩnh Gia,xã,32,502,20902,180.37,UBND xã Lương An Trà cũ,"Xã Vĩnh Phước, Xã Lương An Trà, Xã Vĩnh Gia",104.86,10.4311
tỉnh An Giang,Vĩnh Hanh,xã,32,352,29327,76.81,HĐND và UBND xã Vĩnh Nhuận cũ,"Xã Vĩnh Nhuận, Xã Vĩnh Hanh",105.242,10.4118
tỉnh An Giang,Vĩnh Hậu,xã,32,407,17948,105.94,thị trấn Đa Phước cũ,"Thị trấn Đa Phước, Xã Vĩnh Trường, Xã Vĩnh Hậu",105.126,10.7753
tỉnh An Giang,Vĩnh Hòa,xã,32,409,51651,146.23,Xã Thạnh Yên cũ,"Xã Vĩnh Hòa (huyện U Minh Thượng), Xã Thạnh Yên A, Xã Hòa Chánh, Xã Thạnh Yên",105.169,9.69581
tỉnh An Giang,Vĩnh Hòa Hưng,xã,32,396,37528,95.94,Xã Vĩnh Hòa Hưng Nam cũ,"Xã Vĩnh Hòa Hưng Bắc, Xã Vĩnh Hòa Hưng Nam",105.373,9.77706
tỉnh An Giang,Vĩnh Phong,xã,32,412,43257,139.3,UBND huyện Vĩnh Thuận cũ,"Thị trấn Vĩnh Thuận, Xã Phong Đông, Xã Vĩnh Phong",105.26,9.46393
tỉnh An Giang,Vĩnh Tế,phường,32,348,40222,64.25,UBND phường Núi Sam,"Phường Núi Sam, Xã Vĩnh Tế, Xã Vĩnh Châu (phần còn lại sau khi sáp nhập vào phường Châu Đốc)",105.069,10.66
tỉnh An Giang,Vĩnh Thạnh Trung,xã,32,492,64643,64.97,thị trấn Vĩnh Thạnh Trung,"Thị trấn Vĩnh Thạnh Trung, Xã Mỹ Phú",105.19,10.6014
tỉnh An Giang,Vĩnh Thông,phường,32,369,55185,95.89,UBND phường Vĩnh Thông,"Phường Vĩnh Thông, Xã Phi Thông, Xã Mỹ Lâm",105.125,10.0664
tỉnh An Giang,Vĩnh Thuận,xã,32,411,30511,95.46,Xã Vĩnh Thuận,"Xã Tân Thuận, Xã Vĩnh Thuận",105.193,9.50681
tỉnh An Giang,Vĩnh Trạch,xã,32,365,32397,57.94,xã Vĩnh Trạch,"Xã Vĩnh Khánh, Xã Vĩnh Trạch",105.344,10.2943
tỉnh An Giang,Vĩnh Tuy,xã,32,398,36859,115.86,UBND xã Vĩnh Thắng cũ,"Xã Vĩnh Thắng, Xã Vĩnh Phước A, Xã Vĩnh Tuy",105.323,9.65691
tỉnh An Giang,Vĩnh Xương,xã,32,435,41369,50.21,UBND xã Vĩnh Hòa cũ,"Xã Vĩnh Hòa (thị xã Tân Châu), Xã Phú Lộc, Xã Vĩnh Xương",105.174,10.8737
