tentinh,tenxa,loai,matinh,maxa,danso,dientich_km2,trungtam_hc,truoc_sapnhap,kinhdo,vido
Thủ đô Hà Nội,An Khánh,xã,1,3301,102136,28.69,"Thôn Lũng Vân, xã An Khánh","Xã Đông La, Phường Dương Nội (phần còn lại sau khi sáp nhập vào phường Tây Mỗ, phường Đại Mỗ, phường Dương Nội), Xã An Khánh (phần còn lại sau khi sáp nhập vào phường Tây Mỗ, xã Sơn Đồng), Xã La Phù (phần còn lại sau khi sáp nhập vào phường Dương Nội), Xã Song Phương (phần còn lại sau khi sáp nhập vào xã Sơn Đồng), Xã Vân Côn (phần còn lại sau khi sáp nhập vào xã Sơn Đồng), Xã An Thượng (phần còn lại sau khi sáp nhập vào xã Sơn Đồng)",105.708,20.9878
Thủ đô Hà Nội,Ba Đình,phường,1,3276,65023,2.97,"Số 2, phố Trúc Bạch, phường Ba Đình","Phường Quán Thánh, Phường Trúc Bạch, Phường Cửa Nam, Phường Điện Biên, Phường Đội Cấn, Phường Kim Mã, Phường Ngọc Hà, Phường Thụy Khuê, Phường Cửa Đông (phần còn lại sau khi sáp nhập vào phường Hoàn Kiếm), Phường Đồng Xuân (phần còn lại sau khi sáp nhập vào phường Hoàn Kiếm)",105.838,21.0385
Thủ đô Hà Nội,Ba Vì,xã,1,3219,26651,81.27,"Thôn Lặt, xã Ba Vì","Xã Ba Vì, Xã Khánh Thượng, Xã Minh Quang (phần còn lại sau khi sáp nhập vào xã Bất Bạt)",105.342,21.0581
Thủ đô Hà Nội,Bạch Mai,phường,1,3266,129571,2.95,"Số 33 Đại Cồ Việt, phường Bạch Mai","Phường Bạch Mai, Phường Bách Khoa, Phường Quỳnh Mai, Phường Minh Khai (quận Hai Bà Trưng), Phường Đồng Tâm, Phường Lê Đại Hành, Phường Phương Mai, Phường Trương Định, Phường Thanh Nhàn (phần còn lại sau khi sáp nhập vào phường Hai Bà Trưng)",105.852,21.0022
Thủ đô Hà Nội,Bất Bạt,xã,1,3236,40066,56.43,"Thôn Đan Thê, xã Bất Bạt","Xã Thuần Mỹ, Xã Tòng Bạt, Xã Sơn Đà, Xã Cẩm Lĩnh, Xã Minh Quang",105.332,21.1674
Thủ đô Hà Nội,Bát Tràng,xã,1,3248,48987,20.67,"Thôn Đào Xuyên, xã Bát Tràng","Xã Kim Đức, Phường Cự Khối (phần còn lại sau khi sáp nhập vào phường Long Biên), Phường Thạch Bàn (phần còn lại sau khi sáp nhập vào phường Long Biên, phường Phúc Lợi, xã Gia Lâm), Thị trấn Trâu Quỳ (phần còn lại sau khi sáp nhập vào xã Gia Lâm), Xã Đa Tốn (phần còn lại sau khi sáp nhập vào xã Gia Lâm), Xã Bát Tràng (phần còn lại sau khi sáp nhập vào phường Long Biên, xã Gia Lâm)",105.929,20.9867
Thủ đô Hà Nội,Bình Minh,xã,1,3184,80066,29.86,"Số 01 đường Bích Hòa - Cao Viên, thôn Mùi, xã Bình Minh","Xã Bích Hòa, Xã Bình Minh, Xã Cao Viên, Xã Thanh Cao, Xã Lam Điền, Xã Cự Khê (phần còn lại sau khi sáp nhập vào phường Phú Lương), Phường Phú Lương (phần còn lại sau khi sáp nhập vào phường Phú Lương, phường Kiến Hưng)",105.762,20.9042
Thủ đô Hà Nội,Bồ Đề,phường,1,3230,120028,12.94,"Số 270, đường Ngọc Thuỵ, phường Bồ Đề","Phường Ngọc Lâm, Phường Đức Giang, Phường Gia Thụy, Phường Thượng Thanh, Phường Phúc Đồng, Phường Ngọc Thụy (phần còn lại sau khi sáp nhập vào phường Hồng Hà), Phường Bồ Đề (phần còn lại sau khi sáp nhập vào phường Hồng Hà, phường Long Biên), Phường Long Biên (phần còn lại sau khi sáp nhập vào phường Long Biên)",105.871,21.0514
Thủ đô Hà Nội,Cầu Giấy,phường,1,3277,74516,3.74,"Số 96 Trần Thái Tông, phường Cầu Giấy","Phường Dịch Vọng, Phường Dịch Vọng Hậu, Phường Quan Hoa, Phường Mỹ Đình 1, Phường Mỹ Đình 2, Phường Yên Hòa",105.788,21.0309
Thủ đô Hà Nội,Chương Dương,xã,1,3187,59973,28.89,"Thôn Kỳ Dương, xã Chương Dương","Xã Chương Dương, Xã Lê Lợi, Xã Thắng Lợi, Xã Tự Nhiên, Xã Tô Hiệu, Xã Vạn Nhất",105.901,20.8354
Thủ đô Hà Nội,Chương Mỹ,phường,1,3204,87913,38.9,"Số 102, tổ dân phố Bắc Sơn, phường Chương Mỹ","Phường Biên Giang, Thị trấn Chúc Sơn, Xã Đại Yên, Xã Ngọc Hòa, Xã Phụng Châu, Xã Tiên Phương, Xã Thuỵ Hương, Phường Đồng Mai (phần còn lại sau khi sáp nhập vào phường Yên Nghĩa)",105.699,20.9249
Thủ đô Hà Nội,Chuyên Mỹ,xã,1,3179,44859,35.54,"Thôn Chính Vân, xã Chuyên Mỹ","Xã Tân Dân (huyện Phú Xuyên), Xã Châu Can, Xã Phú Yên, Xã Vân Từ, Xã Chuyên Mỹ",105.884,20.7163
Thủ đô Hà Nội,Cổ Đô,xã,1,3239,70706,53.25,"Thôn Mai Trai, xã Cổ Đô","Xã Phú Cường (huyện Ba Vì), Xã Cổ Đô, Xã Phong Vân, Xã Phú Hồng, Xã Phú Đông, Xã Vạn Thắng",105.397,21.2688
Thủ đô Hà Nội,Cửa Nam,phường,1,3259,52751,1.68,"Số 29 Quang Trung, phường Cửa Nam","Phường Hàng Bài, Phường Phan Chu Trinh, Phường Trần Hưng Đạo, Phường Cửa Nam, Phường Nguyễn Du, Phường Phạm Đình Hổ, Phường Hàng Bông (phần còn lại sau khi sáp nhập vào phường Hoàn Kiếm), Phường Hàng Trống (phần còn lại sau khi sáp nhập vào phường Hoàn Kiếm), Phường Tràng Tiền (phần còn lại sau khi sáp nhập vào phường Hoàn Kiếm)",105.851,21.0226
Thủ đô Hà Nội,Đa Phúc,xã,1,3264,83649,55.32,"Thôn Đức Hậu, xã Đa Phúc","Xã Bắc Phú, Xã Đức Hoà, Xã Kim Lũ, Xã Tân Hưng, Xã Việt Long, Xã Xuân Giang, Xã Xuân Thu",105.901,21.2505
Thủ đô Hà Nội,Đại Mỗ,phường,1,3287,80462,8.1,"Số 76 đường Trung Văn, phường Đại Mỗ","Phường Đại Mỗ, Phường Dương Nội, Phường Mộ Lao, Phường Mễ Trì (phần còn lại sau khi sáp nhập vào phường Yên Hòa, phường Từ Liêm), Phường Nhân Chính (phần còn lại sau khi sáp nhập vào phường Thanh Xuân, phường Yên Hòa), Phường Trung Hòa (phần còn lại sau khi sáp nhập vào phường Thanh Xuân, phường Yên Hòa), Phường Phú Đô (phần còn lại sau khi sáp nhập vào phường Từ Liêm), Phường Trung Văn (phần còn lại sau khi sáp nhập vào phường Thanh Xuân)",105.775,20.9936
Thủ đô Hà Nội,Đại Thanh,xã,1,3212,92557,18.92,"Thôn Quỳnh Đô, xã Đại Thanh","Xã Tam Hiệp (huyện Thanh Trì) (phần còn lại sau khi sáp nhập vào phường Hoàng Liệt), Xã Hữu Hòa (phần còn lại sau khi sáp nhập vào phường Phú Lương), Phường Kiến Hưng (phần còn lại sau khi sáp nhập vào phường Phú Lương, phường Kiến Hưng), Thị trấn Văn Điển (phần còn lại sau khi sáp nhập vào phường Hoàng Liệt, xã Thanh Trì), Xã Tả Thanh Oai (phần còn lại sau khi sáp nhập vào phường Thanh Liệt), Xã Vĩnh Quỳnh (phần còn lại sau khi sáp nhập vào xã Thanh Trì)",105.814,20.9371
Thủ đô Hà Nội,Đại Xuyên,xã,1,3304,74906,51.66,"Thôn Hòa Thượng, xã Đại Xuyên","Xã Bạch Hạ, Xã Khai Thái, Xã Minh Tân, Xã Phúc Tiến, Xã Quang Lãng, Xã Tri Thủy, Xã Đại Xuyên",105.949,20.7007
Thủ đô Hà Nội,Dân Hòa,xã,1,3181,62755,38.43,"Số 45 khu trung tâm thôn Tảo Dương, xã Dân Hòa","Xã Cao Xuân Dương, Xã Hồng Dương, Xã Liên Châu, Xã Tân Ước, Xã Dân Hòa",105.792,20.8096
Thủ đô Hà Nội,Đan Phượng,xã,1,3290,47629,15.3,"Số 105, phố Tây Sơn, xã Đan Phượng","Thị trấn Phùng, Xã Đồng Tháp, Xã Song Phượng, Xã Thượng Mỗ, Xã Đan Phượng",105.666,21.0912
Thủ đô Hà Nội,Định Công,phường,1,3235,85502,5.34,"Số 1 ngõ 282 đường Kim Giang, phường Định Công","Phường Định Công, Phường Hoàng Liệt, Phường Thịnh Liệt, Xã Tân Triều, Xã Thanh Liệt, Phường Đại Kim, Phường Giáp Bát (phần còn lại sau khi sáp nhập vào phường Hoàng Mai, phường Tương Mai)",105.825,20.9769
Thủ đô Hà Nội,Đoài Phương,xã,1,3217,39828,57.1,"Thôn Phúc Lộc, xã Đoài Phương","Xã Kim Sơn, Xã Sơn Đông, Xã Cổ Đông",105.486,21.0687
Thủ đô Hà Nội,Đông Anh,xã,1,3252,118183,48.68,"Số 66, đường Cao Lỗ, xã Đông Anh","Xã Cổ Loa, Xã Đông Hội, Xã Mai Lâm, Thị trấn Đông Anh, Xã Tàm Xá, Xã Tiên Dương, Xã Vĩnh Ngọc, Xã Xuân Canh, Xã Liên Hà (huyện Đông Anh) (phần còn lại sau khi sáp nhập vào xã Thư Lâm), Xã Dục Tú (phần còn lại sau khi sáp nhập vào xã Thư Lâm), Xã Uy Nỗ (phần còn lại sau khi sáp nhập vào xã Thư Lâm), Xã Việt Hùng (phần còn lại sau khi sáp nhập vào xã Thư Lâm)",105.872,21.1101
Thủ đô Hà Nội,Đống Đa,phường,1,3185,81358,2.07,"Số 59 phố Hoàng Cầu, phường Đống Đa","Phường Thịnh Quang, Phường Quang Trung (quận Đống Đa), Phường Láng Hạ, Phường Nam Đồng, Phường Ô Chợ Dừa, Phường Trung Liệt",105.822,21.0119
Thủ đô Hà Nội,Đông Ngạc,phường,1,3296,83544,8.85,"Phố Văn Hội, tổ dân phố số 2 phường Đông Ngạc","Phường Đức Thắng, Phường Cổ Nhuế 2, Phường Thụy Phương, Phường Minh Khai (quận Bắc Từ Liêm), Phường Đông Ngạc (phần còn lại sau khi sáp nhập vào phường Phú Thượng), Phường Xuân Đỉnh (phần còn lại sau khi sáp nhập vào phường Phú Thượng, phường Xuân Đỉnh)",105.776,21.0751
Thủ đô Hà Nội,Dương Hòa,xã,1,3244,58830,17.41,"Thôn 5, xã Dương Hòa","Xã Cát Quế, Xã Dương Liễu, Xã Đắc Sở, Xã Minh Khai, Xã Yên Sở",105.673,21.0489
Thủ đô Hà Nội,Dương Nội,phường,1,3215,56091,7.9,"Lô HC01 - khu A khu đô thị mới Dương Nội, phường Dương Nội","Phường Dương Nội, Phường Phú La, Phường Yên Nghĩa, Xã La Phù, Phường Đại Mỗ (phần còn lại sau khi sáp nhập vào phường Xuân Phương, phường Tây Mỗ, phường Đại Mỗ, phường Hà Đông), Phường La Khê (phần còn lại sau khi sáp nhập vào phường Hà Đông)",105.749,20.9752
Thủ đô Hà Nội,Gia Lâm,xã,1,3249,90498,25.72,"Số 1, phố Thuận An, xã Gia Lâm","Xã Dương Xá, Xã Kiêu Kỵ, Thị trấn Trâu Quỳ, Phường Thạch Bàn, Xã Phú Sơn (huyện Gia Lâm), Xã Cổ Bi, Xã Đa Tốn, Xã Bát Tràng",105.949,21.0028
Thủ đô Hà Nội,Giảng Võ,phường,1,3280,97034,2.6,"Số 525, phố Kim Mã, phường Giảng Võ","Phường Giảng Võ, Phường Cát Linh, Phường Láng Hạ, Phường Ngọc Khánh, Phường Thành Công, Phường Cống Vị (phần còn lại sau khi sáp nhập vào phường Ngọc Hà), Phường Kim Mã (phần còn lại sau khi sáp nhập vào phường Ba Đình, phường Ngọc Hà)",105.814,21.0276
Thủ đô Hà Nội,Hạ Bằng,xã,1,3295,38721,32.14,"Thôn Sen Trì, xã Hạ Bằng","Xã Cần Kiệm, Xã Đồng Trúc, Xã Bình Yên, Xã Hạ Bằng, Xã Tân Xã, Xã Phú Cát",105.561,21.0203
Thủ đô Hà Nội,Hà Đông,phường,1,3211,185205,9,"Số 2, phố Hà Cầu, phường Hà Đông","Phường Phúc La, Phường Vạn Phúc, Phường Quang Trung (quận Hà Đông), Phường Đại Mỗ, Phường Hà Cầu, Phường La Khê, Phường Văn Quán, Xã Tân Triều, Phường Mộ Lao (phần còn lại sau khi sáp nhập vào phường Đại Mỗ)",105.778,20.9735
Thủ đô Hà Nội,Hai Bà Trưng,phường,1,3270,87801,2.65,"Số 30 Lê Đại Hành, phường Hai Bà Trưng","Phường Đồng Nhân, Phường Phố Huế, Phường Bạch Đằng, Phường Lê Đại Hành, Phường Nguyễn Du, Phường Thanh Nhàn, Phường Phạm Đình Hổ (phần còn lại sau khi sáp nhập vào phường Cửa Nam)",105.852,21.0136
Thủ đô Hà Nội,Hát Môn,xã,1,3225,72227,37.67,"Thôn 1 - Tam Thuấn, xã Hát Môn","Xã Tam Hiệp (huyện Phúc Thọ), Xã Hiệp Thuận, Xã Liên Hiệp, Xã Ngọc Tảo, Xã Tam Thuấn, Xã Thanh Đa, Xã Hát Môn",105.623,21.0896
Thủ đô Hà Nội,Hòa Lạc,xã,1,3294,20815,35.37,"Thôn 1, Thạch Hòa, xã Hòa Lạc","Xã Tiến Xuân, Xã Thạch Hòa, Xã Cổ Đông (phần còn lại sau khi sáp nhập vào xã Đoài Phương), Xã Bình Yên (phần còn lại sau khi sáp nhập vào xã Hạ Bằng), Xã Hạ Bằng (phần còn lại sau khi sáp nhập vào xã Hạ Bằng), Xã Tân Xã (phần còn lại sau khi sáp nhập vào xã Hạ Bằng)",105.513,21.0122
Thủ đô Hà Nội,Hòa Phú,xã,1,3201,49948,29.87,"Thôn Hòa Xá, xã Hòa Phú","Xã Hòa Phú (huyện Chương Mỹ), Xã Đồng Lạc, Xã Hồng Phú, Xã Thượng Vực, Xã Văn Võ, Xã Kim Thư (phần còn lại sau khi sáp nhập vào xã Thanh Oai)",105.735,20.8241
Thủ đô Hà Nội,Hòa Xá,xã,1,3272,69428,40.42,"Thôn Đặng Giang, xã Hòa Xá","Xã Hòa Phú, Xã Thái Hòa (huyện Ứng Hòa), Xã Bình Lưu Quang, Xã Phù Lưu",105.79,20.6674
Thủ đô Hà Nội,Hoài Đức,xã,1,3291,69239,16.73,"Số 125 tỉnh lộ 422, xã Hoài Đức","Thị trấn Trạm Trôi, Xã Di Trạch, Xã Đức Giang, Xã Đức Thượng, Phường Tây Tựu, Xã Tân Lập, Xã Kim Chung (huyện Hoài Đức) (phần còn lại sau khi sáp nhập vào phường Tây Tựu)",105.705,21.062
Thủ đô Hà Nội,Hoàn Kiếm,phường,1,3232,105301,1.91,"Số 126 Hàng Trống, phường Hoàn Kiếm","Phường Hàng Bạc, Phường Hàng Bồ, Phường Hàng Buồm, Phường Hàng Đào, Phường Hàng Gai, Phường Hàng Mã, Phường Lý Thái Tổ, Phường Cửa Đông, Phường Cửa Nam, Phường Điện Biên, Phường Đồng Xuân, Phường Hàng Bông, Phường Hàng Trống, Phường Tràng Tiền",105.85,21.032
Thủ đô Hà Nội,Hoàng Liệt,phường,1,3243,55820,4.04,"Số 5, đường Linh Đường, phường Hoàng Liệt","Phường Hoàng Liệt, Thị trấn Văn Điển, Xã Tam Hiệp (huyện Thanh Trì), Xã Thanh Liệt, Phường Đại Kim",105.832,20.9615
Thủ đô Hà Nội,Hoàng Mai,phường,1,3192,98502,9.04,"Số 8 ngõ 6 phố Bùi Huy Bích, phường Hoàng Mai","Phường Giáp Bát, Phường Hoàng Liệt, Phường Hoàng Văn Thụ, Phường Lĩnh Nam, Phường Tân Mai, Phường Thịnh Liệt, Phường Tương Mai, Phường Trần Phú, Phường Vĩnh Hưng, Phường Yên Sở",105.862,20.9746
Thủ đô Hà Nội,Hồng Hà,phường,1,3191,123282,15.09,"Số 30 phố Tứ Liên, phường Hồng Hà","Phường Chương Dương, Phường Phúc Tân, Phường Phúc Xá, Phường Nhật Tân, Phường Phú Thượng, Phường Quảng An, Phường Thanh Lương, Phường Tứ Liên, Phường Yên Phụ, Phường Bồ Đề, Phường Ngọc Thụy, Phường Bạch Đằng (phần còn lại sau khi sáp nhập vào phường Hai Bà Trưng)",105.846,21.0565
Thủ đô Hà Nội,Hồng Sơn,xã,1,3195,63130,54.38,"Đường Hồng Sơn, thôn Hạ Sở, xã Hồng Sơn","Xã Phùng Xá (huyện Mỹ Đức), Xã An Mỹ, Xã Hợp Tiến, Xã Lê Thanh, Xã Xuy Xá, Xã Hồng Sơn",105.706,20.7159
Thủ đô Hà Nội,Hồng Vân,xã,1,3190,58685,24.53,"Thôn Nỏ Bạn, xã Hồng Vân","Xã Hà Hồi, Xã Hồng Vân, Xã Liên Phương, Xã Vân Tảo, Xã Duyên Thái (phần còn lại sau khi sáp nhập vào xã Nam Phù, xã Ngọc Hồi), Xã Ninh Sở (phần còn lại sau khi sáp nhập vào xã Nam Phù), Xã Đông Mỹ (phần còn lại sau khi sáp nhập vào xã Nam Phù)",105.888,20.8798
Thủ đô Hà Nội,Hưng Đạo,xã,1,3208,49357,24.9,"Thôn Thị Ngoại, xã Hưng Đạo","Xã Cộng Hoà, Xã Đồng Quang, Xã Hưng Đạo",105.67,20.9674
Thủ đô Hà Nội,Hương Sơn,xã,1,3273,52634,69.11,"Số 89, xóm 11, thôn Đục Khê, xã Hương Sơn","Xã An Tiến, Xã Hùng Tiến, Xã Vạn Tín, Xã Hương Sơn",105.763,20.6193
Thủ đô Hà Nội,Khương Đình,phường,1,3234,86286,3.1,"Số 33 Khương Hạ, phường Khương Đình","Phường Hạ Đình, Phường Khương Đình, Phường Khương Trung, Phường Đại Kim, Xã Tân Triều, Phường Thanh Xuân Trung (phần còn lại sau khi sáp nhập vào phường Thanh Xuân), Phường Thượng Đình (phần còn lại sau khi sáp nhập vào phường Thanh Xuân)",105.815,20.991
Thủ đô Hà Nội,Kiến Hưng,phường,1,3216,70833,6.65,"Lô C3, khu đô thị Văn Phú, phường Kiến Hưng","Phường Kiến Hưng, Phường Phú Lương, Phường Quang Trung (quận Hà Đông) (phần còn lại sau khi sáp nhập vào phường Hà Đông), Phường Hà Cầu (phần còn lại sau khi sáp nhập vào phường Hà Đông), Phường Phú La (phần còn lại sau khi sáp nhập vào phường Dương Nội)",105.78,20.9549
Thủ đô Hà Nội,Kiều Phú,xã,1,3207,60885,34.53,"Thôn Phú Mỹ, xã Kiều Phú","Xã Cấn Hữu, Xã Liệp Nghĩa, Xã Tuyết Nghĩa, Xã Ngọc Liệp (phần còn lại sau khi sáp nhập vào xã Tây Phương), Xã Quang Trung (phần còn lại sau khi sáp nhập vào xã Tây Phương), Xã Ngọc Mỹ (phần còn lại sau khi sáp nhập vào xã Quốc Oai)",105.607,20.9754
Thủ đô Hà Nội,Kim Anh,xã,1,3267,48564,52.8,"Thôn Thắng Trí, xã Kim Anh","Xã Tân Dân (huyện Sóc Sơn), Xã Minh Phú, Xã Minh Trí",105.763,21.2767
Thủ đô Hà Nội,Kim Liên,phường,1,3275,109107,2.46,"Số 2 ngõ 4B phố Đặng Văn Ngữ, phường Kim Liên","Phường Kim Liên, Phường Khương Thượng, Phường Nam Đồng, Phường Phương Liên Trung Tự, Phường Trung Liệt, Phường Phương Mai (phần còn lại sau khi sáp nhập vào phường Bạch Mai), Phường Quang Trung (quận Đống Đa) (phần còn lại sau khi sáp nhập vào phường Đống Đa)",105.832,21.0057
Thủ đô Hà Nội,Láng,phường,1,3271,61135,1.88,"Số 79A ngõ 25 Vũ Ngọc Phan, phường Láng","Phường Láng Thượng, Phường Láng Hạ (phần còn lại sau khi sáp nhập vào phường Giảng Võ, phường Đống Đa), Phường Ngọc Khánh (phần còn lại sau khi sáp nhập vào phường Ngọc Hà, phường Giảng Võ)",105.806,21.0211
Thủ đô Hà Nội,Liên Minh,xã,1,3303,47769,23.57,"Số 121, đường Nam Sông Hồng, thôn 7, xã Liên Minh","Xã Phương Đình, Xã Trung Châu, Xã Thọ Xuân, Xã Thọ An, Xã Hồng Hà, Xã Tiến Thịnh",105.646,21.1279
Thủ đô Hà Nội,Lĩnh Nam,phường,1,3193,20706,10.86,"Số 669 đường Lĩnh Nam, phường Lĩnh Nam","Phường Lĩnh Nam, Phường Thanh Trì, Phường Trần Phú, Phường Yên Sở, Phường Thanh Lương (phần còn lại sau khi sáp nhập vào phường Vĩnh Tuy, phường Hồng Hà)",105.89,20.9651
Thủ đô Hà Nội,Long Biên,phường,1,3197,62887,19.04,"Số 199 đường Bát Khối, phường Long Biên","Phường Cự Khối, Phường Phúc Đồng, Phường Thạch Bàn, Xã Bát Tràng, Phường Long Biên, Phường Bồ Đề, Phường Gia Thụy",105.896,21.0198
Thủ đô Hà Nội,Mê Linh,xã,1,3256,62197,34.97,"Thôn Tráng Việt, xã Mê Linh","Xã Tráng Việt, Xã Tiền Phong (huyện Mê Linh), Xã Văn Khê, Xã Mê Linh, Xã Đại Thịnh, Xã Hồng Hà, Xã Liên Hà (huyện Đan Phượng) (phần còn lại sau khi sáp nhập vào xã Ô Diên), Xã Liên Hồng (phần còn lại sau khi sáp nhập vào xã Ô Diên), Xã Liên Trung (phần còn lại sau khi sáp nhập vào xã Ô Diên), Xã Đại Mạch (phần còn lại sau khi sáp nhập vào xã Thiên Lộc)",105.733,21.1508
Thủ đô Hà Nội,Minh Châu,xã,1,3288,6646,10.36,"Thôn Chu Chàng, xã Minh Châu","Xã Minh Châu, Thị trấn Tây Đằng, Xã Chu Minh",105.453,21.2123
Thủ đô Hà Nội,Mỹ Đức,xã,1,3186,53640,52.73,"Số 2 phố Đại Đồng, xã Mỹ Đức","Thị trấn Đại Nghĩa, Xã An Phú, Xã Đại Hưng, Xã Hợp Thanh, Xã Phù Lưu Tế",105.692,20.6459
Thủ đô Hà Nội,Nam Phù,xã,1,3213,42772,13.74,"Thôn 2 Đông Mỹ, xã Nam Phù","Xã Vạn Phúc, Xã Liên Ninh, Xã Ninh Sở, Xã Đông Mỹ, Xã Duyên Thái, Xã Ngũ Hiệp (phần còn lại sau khi sáp nhập vào xã Thanh Trì), Xã Yên Mỹ (phần còn lại sau khi sáp nhập vào xã Thanh Trì), Xã Duyên Hà (phần còn lại sau khi sáp nhập vào xã Thanh Trì)",105.884,20.9198
Thủ đô Hà Nội,Nghĩa Đô,phường,1,3284,125568,4.34,"Số 45 phố Nghĩa Tân, phường Nghĩa Đô","Phường Nghĩa Tân, Phường Cổ Nhuế 1, Phường Mai Dịch, Phường Nghĩa Đô, Phường Xuân La, Phường Xuân Tảo, Phường Dịch Vọng (phần còn lại sau khi sáp nhập vào phường Cầu Giấy), Phường Dịch Vọng Hậu (phần còn lại sau khi sáp nhập vào phường Cầu Giấy), Phường Quan Hoa (phần còn lại sau khi sáp nhập vào phường Cầu Giấy)",105.794,21.0451
Thủ đô Hà Nội,Ngọc Hà,phường,1,3278,93536,2.68,"Số 25, phố Liễu Giai, phường Ngọc Hà","Phường Vĩnh Phúc, Phường Liễu Giai, Phường Cống Vị, Phường Kim Mã, Phường Ngọc Khánh, Phường Nghĩa Đô, Phường Đội Cấn (phần còn lại sau khi sáp nhập vào phường Ba Đình), Phường Ngọc Hà (phần còn lại sau khi sáp nhập vào phường Ba Đình)",105.816,21.0381
Thủ đô Hà Nội,Ngọc Hồi,xã,1,3214,43864,13.35,"Thôn Đại Áng, xã Ngọc Hồi","Xã Ngọc Hồi, Xã Duyên Thái, Xã Đại Áng, Xã Khánh Hà, Xã Liên Ninh (phần còn lại sau khi sáp nhập vào xã Nam Phù)",105.837,20.9123
Thủ đô Hà Nội,Nội Bài,xã,1,3265,70469,51.64,"Thôn Thanh Nhàn, xã Nội Bài","Xã Phú Cường (huyện Sóc Sơn), Xã Hiền Ninh, Xã Thanh Xuân, Xã Mai Đình (phần còn lại sau khi sáp nhập vào xã Sóc Sơn), Xã Phú Minh (phần còn lại sau khi sáp nhập vào xã Sóc Sơn), Xã Quang Tiến (phần còn lại sau khi sáp nhập vào xã Sóc Sơn)",105.785,21.2302
Thủ đô Hà Nội,Ô Chợ Dừa,phường,1,3261,71293,1.83,"Số 61 phố Hoàng Cầu, phường Ô Chợ Dừa","Phường Cát Linh (phần còn lại sau khi sáp nhập vào phường Giảng Võ), Phường Điện Biên (phần còn lại sau khi sáp nhập vào phường Hoàn Kiếm, phường Ba Đình, phường Văn Miếu Quốc Tử Giám), Phường Thành Công (phần còn lại sau khi sáp nhập vào phường Giảng Võ), Phường Ô Chợ Dừa (phần còn lại sau khi sáp nhập vào phường Đống Đa), Phường Trung Liệt (phần còn lại sau khi sáp nhập vào phường Đống Đa, phường Kim Liên), Phường Hàng Bột (phần còn lại sau khi sáp nhập vào phường Văn Miếu Quốc Tử Giám), Phường Văn Miếu Quốc Tử Giám (phần còn lại sau khi sáp nhập vào phường Văn Miếu Quốc Tử Giám)",105.826,21.0244
Thủ đô Hà Nội,Ô Diên,xã,1,3245,97506,32.06,"Số 3, đường Phan Xích, xã Ô Diên","Xã Hạ Mỗ, Xã Tân Hội, Xã Liên Hà (huyện Đan Phượng), Xã Hồng Hà, Xã Liên Hồng, Xã Liên Trung, Phường Tây Tựu (phần còn lại sau khi sáp nhập vào phường Tây Tựu, phường Đông Ngạc, phường Thượng Cát, xã Hoài Đức), Xã Tân Lập (phần còn lại sau khi sáp nhập vào xã Hoài Đức)",105.704,21.1094
Thủ đô Hà Nội,Phú Cát,xã,1,3206,43339,51.21,"Thôn Đông Hạ, xã Phú Cát","Xã Đông Yên, Xã Hoà Thạch, Xã Phú Mãn, Xã Phú Cát (phần còn lại sau khi sáp nhập vào xã Hạ Bằng)",105.561,20.9461
Thủ đô Hà Nội,Phú Diễn,phường,1,3300,74603,6.29,"Tổ dân phố số 18, phường Phú Diễn","Phường Phú Diễn, Phường Cổ Nhuế 1, Phường Mai Dịch, Phường Phúc Diễn",105.766,21.0489
Thủ đô Hà Nội,Phù Đổng,xã,1,3198,111484,41.62,"Thôn Thượng, xã Phù Đổng","Thị trấn Yên Viên, Xã Ninh Hiệp, Xã Phù Đổng, Xã Thiên Đức, Xã Yên Thường, Xã Yên Viên, Xã Cổ Bi (phần còn lại sau khi sáp nhập vào phường Phúc Lợi, xã Gia Lâm), Xã Đặng Xá (phần còn lại sau khi sáp nhập vào xã Thuận An)",105.95,21.0622
Thủ đô Hà Nội,Phú Lương,phường,1,3222,52024,9.4,"Tổ dân phố 4, phường Phú Lương","Phường Phú Lãm, Phường Kiến Hưng, Phường Phú Lương, Xã Cự Khê, Xã Hữu Hòa",105.766,20.9394
Thủ đô Hà Nội,Phú Nghĩa,xã,1,3205,71048,40.25,"Thôn Yên Kiện, xã Đông Phương Yên, huyện Chương Mỹ","Xã Đông Phương Yên, Xã Đông Sơn, Xã Thanh Bình, Xã Trung Hòa, Xã Trường Yên, Xã Phú Nghĩa",105.642,20.9182
Thủ đô Hà Nội,Phú Thượng,phường,1,3281,39322,7.21,"Số 58 Phú Xá, phường Phú Thượng","Phường Đông Ngạc, Phường Xuân La, Phường Xuân Đỉnh, Phường Xuân Tảo, Phường Phú Thượng (phần còn lại sau khi sáp nhập vào phường Hồng Hà, phường Tây Hồ)",105.802,21.086
Thủ đô Hà Nội,Phú Xuyên,xã,1,3178,96635,60.02,"Tiểu khu Thao Chính, xã Phú Xuyên","Thị trấn Phú Minh, Thị trấn Phú Xuyên, Xã Hồng Thái, Xã Minh Cường, Xã Nam Phong, Xã Nam Tiến, Xã Quang Hà, Xã Văn Tự, Xã Tô Hiệu (phần còn lại sau khi sáp nhập vào xã Chương Dương), Xã Vạn Nhất (phần còn lại sau khi sáp nhập vào xã Chương Dương)",105.917,20.7642
Thủ đô Hà Nội,Phúc Lộc,xã,1,3233,61457,41.15,"Số 99 thôn Nam Võng, xã Phúc Lộc","Xã Nam Hà, Xã Sen Phương, Xã Vân Phúc, Xã Võng Xuyên, Xã Xuân Đình",105.575,21.1468
Thủ đô Hà Nội,Phúc Lợi,phường,1,3260,66790,10.41,"Tổ 6, phường Phúc Lợi","Phường Thạch Bàn, Xã Cổ Bi, Phường Giang Biên (phần còn lại sau khi sáp nhập vào phường Việt Hưng), Phường Việt Hưng (phần còn lại sau khi sáp nhập vào phường Việt Hưng), Phường Phúc Lợi (phần còn lại sau khi sáp nhập vào phường Việt Hưng), Phường Phúc Đồng (phần còn lại sau khi sáp nhập vào phường Long Biên, phường Bồ Đề, phường Việt Hưng)",105.919,21.0423
Thủ đô Hà Nội,Phúc Sơn,xã,1,3200,54084,49.31,"Khu trung tâm Mỹ Thành, xã Phúc Sơn","Xã Mỹ Xuyên, Xã Phúc Lâm, Xã Thượng Lâm, Xã Tuy Lai, Xã Đồng Tâm",105.681,20.7811
Thủ đô Hà Nội,Phúc Thịnh,xã,1,3255,95951,42.63,"Thôn Cán Khê, xã Phúc Thịnh","Xã Bắc Hồng, Xã Nam Hồng, Xã Vân Nội, Xã Vĩnh Ngọc, Xã Nguyên Khê (phần còn lại sau khi sáp nhập vào xã Thư Lâm), Xã Xuân Nộn (phần còn lại sau khi sáp nhập vào xã Thư Lâm), Xã Tiên Dương (phần còn lại sau khi sáp nhập vào xã Đông Anh), Thị trấn Đông Anh (phần còn lại sau khi sáp nhập vào xã Thư Lâm, xã Đông Anh)",105.815,21.1623
Thủ đô Hà Nội,Phúc Thọ,xã,1,3226,75425,39.66,"Số 39 đường Lạc Trị, xã Phúc Thọ","Thị trấn Phúc Thọ, Xã Long Thượng, Xã Phúc Hòa, Xã Phụng Thượng, Xã Tích Lộc, Xã Trạch Mỹ Lộc",105.528,21.1122
Thủ đô Hà Nội,Phượng Dực,xã,1,3180,60281,44.69,"Thôn Phượng Vũ, xã Phượng Dực","Xã Hoàng Long, Xã Hồng Minh, Xã Phú Túc, Xã Văn Hoàng, Xã Phượng Dực",105.837,20.7721
Thủ đô Hà Nội,Phương Liệt,phường,1,3229,81977,3.2,"Số 136 Nguyễn Ngọc Nại, phường Phương Liệt","Phường Khương Mai, Phường Thịnh Liệt (phần còn lại sau khi sáp nhập vào phường Hoàng Mai, phường Định Công, phường Yên Sở), Phường Phương Liệt (phần còn lại sau khi sáp nhập vào phường Tương Mai), Phường Định Công (phần còn lại sau khi sáp nhập vào phường Định Công), Phường Khương Đình (phần còn lại sau khi sáp nhập vào phường Khương Đình), Phường Khương Trung (phần còn lại sau khi sáp nhập vào phường Khương Đình)",105.832,20.9926
Thủ đô Hà Nội,Quảng Bị,xã,1,3203,62968,37.14,"Thôn Thái Hòa, xã Quảng Bị","Xã Hoàng Diệu, Xã Hợp Đồng, Xã Quảng Bị, Xã Tốt Động, Xã Lam Điền (phần còn lại sau khi sáp nhập vào xã Bình Minh)",105.703,20.8731
Thủ đô Hà Nội,Quang Minh,xã,1,3257,69623,32.17,"Thôn Nội Đồng, xã Quang Minh","Thị trấn Chi Đông, Thị trấn Quang Minh, Xã Mê Linh (phần còn lại sau khi sáp nhập vào xã Mê Linh), Xã Tiền Phong (huyện Mê Linh) (phần còn lại sau khi sáp nhập vào xã Thiên Lộc, xã Mê Linh), Xã Đại Thịnh (phần còn lại sau khi sáp nhập vào xã Mê Linh, xã Tiến Thắng), Xã Kim Hoa (phần còn lại sau khi sáp nhập vào xã Tiến Thắng), Xã Thanh Lâm (phần còn lại sau khi sáp nhập vào xã Tiến Thắng)",105.751,21.1926
Thủ đô Hà Nội,Quảng Oai,xã,1,3237,59001,49.26,"Số 252 đường Quảng Oai, xã Quảng Oai","Xã Cam Thượng, Xã Đông Quang, Xã Tiên Phong, Xã Thụy An, Thị trấn Tây Đằng (phần còn lại sau khi sáp nhập vào xã Minh Châu), Xã Chu Minh (phần còn lại sau khi sáp nhập vào xã Minh Châu)",105.428,21.1746
Thủ đô Hà Nội,Quốc Oai,xã,1,3241,63344,24,"Số 10, đường 17/8, xã Quốc Oai","Xã Thạch Thán, Xã Sài Sơn, Xã Ngọc Mỹ, Thị trấn Quốc Oai (phần còn lại sau khi sáp nhập vào xã Tây Phương), Xã Phượng Sơn (phần còn lại sau khi sáp nhập vào xã Tây Phương)",105.653,21.0162
Thủ đô Hà Nội,Sóc Sơn,xã,1,3263,117876,68.24,"Số 1 đường Núi Đôi, xã Sóc Sơn","Thị trấn Sóc Sơn, Xã Tân Minh, Xã Đông Xuân (huyện Sóc Sơn), Xã Phù Lỗ, Xã Phù Linh, Xã Tiên Dược, Xã Mai Đình, Xã Phú Minh, Xã Quang Tiến",105.849,21.2463
Thủ đô Hà Nội,Sơn Đồng,xã,1,3242,63267,21.57,"Số 6, đường Tiền Yên, thôn Tiền Lệ, xã Sơn Đồng","Xã Lại Yên, Xã Sơn Đồng, Xã Tiền Yên, Xã An Khánh, Xã Song Phương, Xã Vân Côn, Xã An Thượng, Xã Vân Canh (phần còn lại sau khi sáp nhập vào phường Xuân Phương)",105.705,21.0242
Thủ đô Hà Nội,Sơn Tây,phường,1,3240,71301,23.08,"Số 1 phố Phó Đức Chính, phường Sơn Tây","Phường Ngô Quyền, Phường Phú Thịnh, Phường Viên Sơn, Xã Đường Lâm, Phường Trung Hưng, Phường Sơn Lộc, Xã Thanh Mỹ",105.49,21.1442
Thủ đô Hà Nội,Suối Hai,xã,1,3228,35201,51.56,"Thôn Đức Thịnh, xã Suối Hai","Xã Ba Trại, Xã Tản Lĩnh, Xã Thụy An (phần còn lại sau khi sáp nhập vào xã Quảng Oai), Xã Cẩm Lĩnh (phần còn lại sau khi sáp nhập vào xã Bất Bạt)",105.377,21.124
Thủ đô Hà Nội,Tam Hưng,xã,1,3188,39087,29.45,"Số 65 thôn Gia Vĩnh, xã Tam Hưng","Xã Mỹ Hưng, Xã Thanh Thùy, Xã Thanh Văn, Xã Tam Hưng",105.798,20.8758
Thủ đô Hà Nội,Tây Hồ,phường,1,3282,100122,10.72,"Số 657 Lạc Long Quân, phường Tây Hồ","Phường Bưởi, Phường Phú Thượng, Phường Xuân La, Phường Nhật Tân (phần còn lại sau khi sáp nhập vào phường Hồng Hà), Phường Quảng An (phần còn lại sau khi sáp nhập vào phường Hồng Hà), Phường Tứ Liên (phần còn lại sau khi sáp nhập vào phường Hồng Hà), Phường Yên Phụ (phần còn lại sau khi sáp nhập vào phường Hồng Hà), Phường Nghĩa Đô (phần còn lại sau khi sáp nhập vào phường Ngọc Hà, phường Nghĩa Đô), Phường Thụy Khuê (phần còn lại sau khi sáp nhập vào phường Ba Đình)",105.82,21.058
Thủ đô Hà Nội,Tây Mỗ,phường,1,3302,46894,5.56,"Số 169 đường Đại Mỗ, phường Tây Mỗ","Phường Đại Mỗ, Phường Dương Nội, Xã An Khánh, Phường Tây Mỗ (phần còn lại sau khi sáp nhập vào phường Xuân Phương)",105.747,21.0009
Thủ đô Hà Nội,Tây Phương,xã,1,3218,99874,31.06,"Thôn Yên, xã Tây Phương","Xã Phùng Xá (huyện Thạch Thất), Xã Hương Ngải, Xã Lam Sơn, Xã Thạch Xá, Xã Quang Trung, Thị trấn Quốc Oai, Xã Ngọc Liệp, Xã Phượng Sơn",105.612,21.0365
Thủ đô Hà Nội,Tây Tựu,phường,1,3297,39436,7.54,"Tổ dân phố Ngọa Long 2, phường Tây Tựu","Phường Minh Khai (quận Bắc Từ Liêm), Phường Tây Tựu, Xã Kim Chung (huyện Hoài Đức)",105.739,21.0641
Thủ đô Hà Nội,Thạch Thất,xã,1,3220,57645,31.93,"Đường 419, xã Thạch Thất","Thị trấn Liên Quan, Xã Cẩm Yên, Xã Đại Đồng, Xã Kim Quan, Xã Lại Thượng, Xã Phú Kim",105.559,21.0792
Thủ đô Hà Nội,Thanh Liệt,phường,1,3223,76238,6.44,"Thôn Triều Khúc, phường Thanh Liệt","Xã Tả Thanh Oai, Phường Đại Kim (phần còn lại sau khi sáp nhập vào phường Định Công, phường Hoàng Liệt, phường Khương Đình), Phường Thanh Xuân Bắc (phần còn lại sau khi sáp nhập vào phường Thanh Xuân), Phường Hạ Đình (phần còn lại sau khi sáp nhập vào phường Khương Đình), Phường Văn Quán (phần còn lại sau khi sáp nhập vào phường Hà Đông), Xã Thanh Liệt (phần còn lại sau khi sáp nhập vào phường Định Công, phường Hoàng Liệt), Xã Tân Triều (phần còn lại sau khi sáp nhập vào phường Định Công, phường Khương Đình, phường Hà Đông)",105.809,20.9646
Thủ đô Hà Nội,Thanh Oai,xã,1,3183,54475,26.86,"Số 135 phố Kim Bài, xã Thanh Oai","Thị trấn Kim Bài, Xã Đỗ Động, Xã Kim An, Xã Phương Trung, Xã Thanh Mai, Xã Kim Thư",105.767,20.8467
Thủ đô Hà Nội,Thanh Trì,xã,1,3224,55378,10.15,"Số 12, Đường Nguyễn Bặc, xã Thanh Trì","Thị trấn Văn Điển, Xã Ngũ Hiệp, Xã Vĩnh Quỳnh, Xã Yên Mỹ, Xã Duyên Hà, Xã Tứ Hiệp (phần còn lại sau khi sáp nhập vào phường Yên Sở), Phường Yên Sở (phần còn lại sau khi sáp nhập vào phường Lĩnh Nam, phường Hoàng Mai, phường Yên Sở)",105.859,20.9388
Thủ đô Hà Nội,Thanh Xuân,phường,1,3231,106316,3.24,"Số 9 Khuất Duy Tiến, phường Thanh Xuân","Phường Nhân Chính, Phường Thanh Xuân Bắc, Phường Thanh Xuân Trung, Phường Thượng Đình, Phường Trung Hoà, Phường Trung Văn",105.805,20.9995
Thủ đô Hà Nội,Thiên Lộc,xã,1,3253,74597,27.96,"Thôn Bầu, xã Thiên Lộc","Xã Võng La, Xã Kim Chung (huyện Đông Anh), Xã Đại Mạch, Xã Kim Nỗ, Xã Tiền Phong (huyện Mê Linh), Xã Hải Bối",105.77,21.1202
Thủ đô Hà Nội,Thư Lâm,xã,1,3254,102580,43.84,"Thôn Thiết Bình, xã Thư Lâm","Xã Thụy Lâm, Xã Vân Hà, Xã Xuân Nộn, Thị trấn Đông Anh, Xã Liên Hà (huyện Đông Anh), Xã Dục Tú, Xã Nguyên Khê, Xã Uy Nỗ, Xã Việt Hùng",105.888,21.1648
Thủ đô Hà Nội,Thuận An,xã,1,3250,68292,29.67,"Đường Dương Đức Hiền, thôn Cừ Keo, xã Thuận An","Xã Dương Quang, Xã Lệ Chi, Xã Đặng Xá, Xã Phú Sơn (huyện Gia Lâm) (phần còn lại sau khi sáp nhập vào xã Gia Lâm)",105.984,21.0191
Thủ đô Hà Nội,Thượng Cát,phường,1,3289,24692,14.77,"Số 55 đường Yên Nội, phường Thượng Cát","Phường Liên Mạc, Phường Thượng Cát, Phường Minh Khai (quận Bắc Từ Liêm), Phường Tây Tựu, Phường Cổ Nhuế 2 (phần còn lại sau khi sáp nhập vào phường Đông Ngạc), Phường Thụy Phương (phần còn lại sau khi sáp nhập vào phường Đông Ngạc)",105.75,21.0866
Thủ đô Hà Nội,Thượng Phúc,xã,1,3182,45464,28.91,"Thôn Mai Sao, xã Thượng Phúc","Xã Tân Minh (huyện Thường Tín), Xã Dũng Tiến, Xã Quất Động, Xã Nghiêm Xuyên, Xã Nguyễn Trãi",105.855,20.8299
Thủ đô Hà Nội,Thường Tín,xã,1,3189,70739,28.29,"Số 1 đường Thượng Phúc, xã Thường Tín","Thị trấn Thường Tín, Xã Tiền Phong (huyện Thường Tín), Xã Hiền Giang, Xã Hòa Bình, Xã Nhị Khê, Xã Văn Bình, Xã Văn Phú, Xã Đại Áng (phần còn lại sau khi sáp nhập vào xã Ngọc Hồi), Xã Khánh Hà (phần còn lại sau khi sáp nhập vào xã Ngọc Hồi)",105.841,20.877
Thủ đô Hà Nội,Tiến Thắng,xã,1,3262,64246,36.34,"Thôn Văn Lôi, xã Tiến Thắng","Xã Tam Đồng, Xã Tiến Thắng, Xã Tự Lập, Xã Đại Thịnh, Xã Kim Hoa, Xã Thanh Lâm, Xã Văn Khê (phần còn lại sau khi sáp nhập vào xã Ô Diên, xã Mê Linh, xã Yên Lãng), Xã Thạch Đà (phần còn lại sau khi sáp nhập vào xã Yên Lãng)",105.692,21.2031
Thủ đô Hà Nội,Trần Phú,xã,1,3305,47528,44.36,"Thôn Thuận An, xã Trần Phú","Xã Hoàng Văn Thụ, Xã Hữu Văn, Xã Mỹ Lương, Xã Trần Phú, Xã Đồng Tâm (phần còn lại sau khi sáp nhập vào xã Phúc Sơn), Xã Tân Tiến (phần còn lại sau khi sáp nhập vào xã Xuân Mai)",105.65,20.8424
Thủ đô Hà Nội,Trung Giã,xã,1,3268,61315,77.52,"Thôn 4 - Hồng Kỳ, xã Trung Giã","Xã Bắc Sơn, Xã Hồng Kỳ, Xã Nam Sơn, Xã Trung Giã",105.831,21.3317
Thủ đô Hà Nội,Từ Liêm,phường,1,3285,119997,10.18,"Số 125 đường Hồ Tùng Mậu, phường Từ Liêm","Phường Cầu Diễn, Phường Mễ Trì, Phường Phú Đô, Phường Mai Dịch (phần còn lại sau khi sáp nhập vào phường Nghĩa Đô, phường Phú Diễn), Phường Mỹ Đình 1 (phần còn lại sau khi sáp nhập vào phường Cầu Giấy), Phường Mỹ Đình 2 (phần còn lại sau khi sáp nhập vào phường Cầu Giấy)",105.771,21.0203
Thủ đô Hà Nội,Tùng Thiện,phường,1,3227,42052,32.34,"Số 66 đường Thanh Mỹ, thôn Thủ Trung, phường Tùng Thiện","Phường Xuân Khanh, Phường Trung Sơn Trầm, Xã Xuân Sơn, Phường Trung Hưng (phần còn lại sau khi sáp nhập vào phường Sơn Tây), Phường Sơn Lộc (phần còn lại sau khi sáp nhập vào phường Sơn Tây), Xã Thanh Mỹ (phần còn lại sau khi sáp nhập vào phường Sơn Tây)",105.458,21.1214
Thủ đô Hà Nội,Tương Mai,phường,1,3210,136292,3.56,"Số 2/224 đường Hoàng Mai, phường Tương Mai","Phường Giáp Bát, Phường Phương Liệt, Phường Mai Động (phần còn lại sau khi sáp nhập vào phường Vĩnh Tuy), Phường Minh Khai (quận Hai Bà Trưng) (phần còn lại sau khi sáp nhập vào phường Bạch Mai), Phường Đồng Tâm (phần còn lại sau khi sáp nhập vào phường Bạch Mai), Phường Trương Định (phần còn lại sau khi sáp nhập vào phường Bạch Mai), Phường Hoàng Văn Thụ (phần còn lại sau khi sáp nhập vào phường Hoàng Mai), Phường Tân Mai (phần còn lại sau khi sáp nhập vào phường Hoàng Mai), Phường Tương Mai (phần còn lại sau khi sáp nhập vào phường Hoàng Mai), Phường Vĩnh Hưng (phần còn lại sau khi sáp nhập vào phường Vĩnh Tuy, phường Hoàng Mai, phường Vĩnh Hưng)",105.854,20.9894
Thủ đô Hà Nội,Ứng Hòa,xã,1,3194,63750,67.8,"Thôn Trạch Bái, xã Ứng Hòa","Xã Đại Cường, Xã Đại Hùng, Xã Đông Lỗ, Xã Đồng Tân, Xã Kim Đường, Xã Minh Đức, Xã Trầm Lộng, Xã Trung Tú",105.848,20.6888
Thủ đô Hà Nội,Ứng Thiên,xã,1,3199,53962,38.4,"Thôn Trung Thịnh, xã Ứng Thiên","Xã Hoa Viên, Xã Liên Bạt, Xã Quảng Phú Cầu, Xã Trường Thịnh",105.759,20.7741
Thủ đô Hà Nội,Vân Đình,xã,1,3196,60828,41.6,"Thôn Hoàng Xá, xã Vân Đình","Thị trấn Vân Đình, Xã Cao Sơn Tiến, Xã Phương Tú, Xã Tảo Dương Văn",105.789,20.7211
Thủ đô Hà Nội,Văn Miếu - Quốc Tử Giám,phường,1,3274,105604,1.92,"Số 188 Kim Hoa, phường Văn Miếu - Quốc Tử Giám","Phường Khâm Thiên, Phường Thổ Quan, Phường Văn Chương, Phường Điện Biên, Phường Hàng Bột, Phường Văn Miếu Quốc Tử Giám, Phường Cửa Nam (phần còn lại sau khi sáp nhập vào phường Hoàn Kiếm, phường Cửa Nam, phường Ba Đình), Phường Lê Đại Hành (phần còn lại sau khi sáp nhập vào phường Hai Bà Trưng, phường Bạch Mai), Phường Nam Đồng (phần còn lại sau khi sáp nhập vào phường Đống Đa, phường Kim Liên), Phường Nguyễn Du (phần còn lại sau khi sáp nhập vào phường Cửa Nam, phường Hai Bà Trưng), Phường Phương Liên Trung Tự (phần còn lại sau khi sáp nhập vào phường Kim Liên)",105.837,21.0199
Thủ đô Hà Nội,Vật Lại,xã,1,3238,58579,51.75,"Thôn Vật Lại 3, xã Vật Lại","Xã Thái Hòa, Xã Phú Sơn (huyện Ba Vì), Xã Đồng Thái, Xã Phú Châu, Xã Vật Lại",105.391,21.2171
Thủ đô Hà Nội,Việt Hưng,phường,1,3258,83188,12.91,"Số 1 phố Vạn Hạnh, phường Việt Hưng","Phường Giang Biên, Phường Phúc Đồng, Phường Việt Hưng, Phường Phúc Lợi, Phường Gia Thụy (phần còn lại sau khi sáp nhập vào phường Long Biên, phường Bồ Đề), Phường Đức Giang (phần còn lại sau khi sáp nhập vào phường Bồ Đề), Phường Thượng Thanh (phần còn lại sau khi sáp nhập vào phường Bồ Đề)",105.904,21.0648
Thủ đô Hà Nội,Vĩnh Hưng,phường,1,3247,67561,4.47,"Số 177 phố Thanh Đàm, phường Vĩnh Hưng","Phường Vĩnh Hưng, Phường Lĩnh Nam (phần còn lại sau khi sáp nhập vào phường Lĩnh Nam, phường Hoàng Mai), Phường Thanh Trì (phần còn lại sau khi sáp nhập vào phường Lĩnh Nam), Phường Vĩnh Tuy (phần còn lại sau khi sáp nhập vào phường Vĩnh Tuy)",105.883,20.9906
Thủ đô Hà Nội,Vĩnh Thanh,xã,1,3292,64698,22.52,"Thôn Đồng Nhân, xã Vĩnh Thanh","Xã Tàm Xá (phần còn lại sau khi sáp nhập vào xã Đông Anh), Xã Xuân Canh (phần còn lại sau khi sáp nhập vào xã Đông Anh), Xã Vĩnh Ngọc (phần còn lại sau khi sáp nhập vào xã Đông Anh, xã Phúc Thịnh), Xã Kim Chung (huyện Đông Anh) (phần còn lại sau khi sáp nhập vào xã Thiên Lộc), Xã Hải Bối (phần còn lại sau khi sáp nhập vào xã Thiên Lộc), Xã Kim Nỗ (phần còn lại sau khi sáp nhập vào xã Thiên Lộc)",105.818,21.1077
Thủ đô Hà Nội,Vĩnh Tuy,phường,1,3269,90583,2.33,"Số 35 phố Vĩnh Tuy, phường Vĩnh Tuy","Phường Mai Động, Phường Thanh Lương, Phường Vĩnh Hưng, Phường Vĩnh Tuy",105.867,20.9981
Thủ đô Hà Nội,Xuân Đỉnh,phường,1,3279,48658,5.46,"Phố Minh Tảo, phường Xuân Đỉnh","Phường Xuân Đỉnh, Phường Cổ Nhuế 1 (phần còn lại sau khi sáp nhập vào phường Nghĩa Đô, phường Phú Diễn), Phường Xuân La (phần còn lại sau khi sáp nhập vào phường Nghĩa Đô, phường Tây Hồ, phường Phú Thượng), Phường Xuân Tảo (phần còn lại sau khi sáp nhập vào phường Nghĩa Đô, phường Phú Thượng)",105.795,21.0644
Thủ đô Hà Nội,Xuân Mai,xã,1,3202,67310,50.72,"Thôn Trí Thủy, xã Xuân Mai","Thị trấn Xuân Mai, Xã Nam Phương Tiến, Xã Thủy Xuân Tiên, Xã Tân Tiến",105.593,20.8728
Thủ đô Hà Nội,Xuân Phương,phường,1,3286,104947,10.81,"Số 28 đường Foresa 4B, KĐT Xuân Phương, phường Xuân Phương","Phường Phương Canh, Phường Xuân Phương, Phường Đại Mỗ, Phường Tây Mỗ, Xã Vân Canh, Phường Minh Khai (quận Bắc Từ Liêm) (phần còn lại sau khi sáp nhập vào phường Tây Tựu, phường Đông Ngạc, phường Thượng Cát), Phường Phúc Diễn (phần còn lại sau khi sáp nhập vào phường Phú Diễn)",105.745,21.0296
Thủ đô Hà Nội,Yên Bài,xã,1,3293,21416,68.19,"Thôn Bặn, xã Yên Bài","Xã Vân Hòa, Xã Yên Bài, Xã Thạch Hòa",105.419,21.0538
Thủ đô Hà Nội,Yên Hòa,phường,1,3283,77029,4.1,"Số 231 Nguyễn Ngọc Vũ, phường Yên Hòa","Phường Mễ Trì, Phường Nhân Chính, Phường Trung Hòa, Phường Yên Hòa (phần còn lại sau khi sáp nhập vào phường Cầu Giấy)",105.796,21.0139
Thủ đô Hà Nội,Yên Lãng,xã,1,3251,71339,44.81,"Thôn 1 - Thạch Đà, xã Yên Lãng","Xã Chu Phan, Xã Hoàng Kim, Xã Liên Mạc, Xã Thạch Đà, Xã Văn Khê, Xã Tiến Thịnh (phần còn lại sau khi sáp nhập vào xã Liên Minh), Xã Trung Châu (phần còn lại sau khi sáp nhập vào xã Liên Minh), Xã Thọ Xuân (phần còn lại sau khi sáp nhập vào xã Liên Minh), Xã Thọ An (phần còn lại sau khi sáp nhập vào xã Liên Minh), Xã Hồng Hà (phần còn lại sau khi sáp nhập vào xã Liên Minh, xã Mê Linh)",105.662,21.1722
Thủ đô Hà Nội,Yên Nghĩa,phường,1,3221,49643,13.18,"Tổ dân phố 10, phường Yên Nghĩa","Phường Đồng Mai, Phường Yên Nghĩa (phần còn lại sau khi sáp nhập vào phường Dương Nội)",105.736,20.9392
Thủ đô Hà Nội,Yên Sở,phường,1,3246,40913,5.61,Số 8 ngõ 6 phố Bùi Huy Bích,"Phường Thịnh Liệt, Phường Yên Sở, Xã Tứ Hiệp, Phường Hoàng Liệt (phần còn lại sau khi sáp nhập vào phường Hoàng Mai, phường Định Công, phường Hoàng Liệt), Phường Trần Phú (phần còn lại sau khi sáp nhập vào phường Lĩnh Nam, phường Hoàng Mai)",105.857,20.9568
Thủ đô Hà Nội,Yên Xuân,xã,1,3209,29375,78.01,"Thôn 3, Yên Bình, xã Yên Xuân","Xã Đông Xuân (huyện Quốc Oai), Xã Yên Bình, Xã Yên Trung, Xã Tiến Xuân (phần còn lại sau khi sáp nhập vào xã Hòa Lạc), Xã Thạch Hòa (phần còn lại sau khi sáp nhập vào xã Yên Bài, xã Hòa Lạc)",105.47,20.978
