tentinh,tenxa,loai,matinh,maxa,danso,dientich_km2,trungtam_hc,truoc_sapnhap,kinhdo,vido
thành phố Hải Phòng,Ái Quốc,phường,4,869,24736,17.6,"Trụ sở Đảng ủy, HĐND, UBND Ái Quốc hiện tại","Phường Ái Quốc, Xã Quyết Thắng, Xã Hồng Lạc",106.382,20.9472
thành phố Hải Phòng,An Biên,phường,4,1205,116091,6.56,Trụ sở của Đảng ủy – HĐND – UBND Vĩnh Niệm tại số 387 Thiên Lôi,"Phường An Dương, Phường An Biên, Phường Trần Nguyên Hãn, Phường Vĩnh Niệm",106.676,20.8267
thành phố Hải Phòng,An Dương,phường,4,1180,76879,31.23,Trung tâm hành chính – chính trị quận An Dương tại số 15 đường 351,"Phường Nam Sơn (quận An Dương), Phường An Hải, Phường Lê Lợi, Phường Đồng Thái, Phường Tân Tiến, Phường An Hưng",106.596,20.8619
thành phố Hải Phòng,An Hải,phường,4,1247,77086,19.96,"Trụ sở cũ của UBND phường Đồng Thái, tổ dân phố Bạch Mai","Phường An Đồng, Phường Hồng Thái, Phường Lê Lợi, Phường An Hải, Phường Đồng Thái",106.634,20.8437
thành phố Hải Phòng,An Hưng,xã,4,1064,25535,20.23,"Trụ sở cũ của UBND An Thọ, thôn Trần Thành, An Thọ, huyện An Lão","Xã An Thái, Xã An Thọ, Xã Chiến Thắng",106.593,20.7436
thành phố Hải Phòng,An Khánh,xã,4,1086,33936,24.16,"Trụ sở cũ của UBND Mỹ Đức, thôn Tân Nam, Mỹ Đức","Xã Tân Viên, Xã Mỹ Đức, Xã Thái Sơn",106.599,20.7756
thành phố Hải Phòng,An Lão,xã,4,1106,47189,26.39,"Trụ sở UBND huyện An Lão, số 17 đường Nguyễn Văn Trỗi, thị trấn An Lão","Thị trấn An Lão, Xã An Thắng, Xã Tân Dân, Xã An Tiến, Thị trấn Trường Sơn, Xã Thái Sơn",106.576,20.8153
thành phố Hải Phòng,An Phong,phường,4,1108,44660,27.92,"Trụ sở cũ của UBND Hồng Phong, tổ dân phố Đình Ngọ","Phường An Hòa, Phường Hồng Phong, Phường Đại Bản, Phường Lê Thiện, Phường Tân Tiến, Phường Lê Lợi",106.556,20.8955
thành phố Hải Phòng,An Phú,xã,4,974,35121,27.25,"Trụ sở Đảng ủy, HĐND, UBND An Phú hiện tại","Xã An Bình, Xã An Phú, Xã Cộng Hòa",106.374,21.007
thành phố Hải Phòng,An Quang,xã,4,1093,29091,21.4,"Trụ sở cũ của UBND Quang Trung, thôn Câu Hạ A, Quang Trung","Xã Quốc Tuấn, Xã Quang Trung (huyện An Lão), Xã Quang Hưng",106.527,20.8117
thành phố Hải Phòng,An Thành,xã,4,956,28785,23.66,"Trụ sở cũ của Đảng ủy, HĐND, UBND Kim Đính","Xã Ngũ Phúc (huyện Kim Thành), Xã Kim Tân, Xã Kim Đính",106.502,20.9292
thành phố Hải Phòng,An Trường,xã,4,1107,30256,25.54,"Trụ sở cũ của UBND Trường Thọ, thôn Ngọc Chử 2, Trường Thọ","Xã Bát Trang, Xã Trường Thọ, Xã Trường Thành",106.529,20.8404
thành phố Hải Phòng,Bắc An Phụ,phường,4,871,22780,26.1,"Trụ sở cũ của Đảng ủy, HĐND, UBND Bạch Đằng","Phường Thất Hùng, Xã Bạch Đằng (thị xã Kinh Môn), Xã Lê Ninh, Phường Văn Đức",106.461,21.0505
thành phố Hải Phòng,Bắc Thanh Miện,xã,4,1056,27227,25.27,"Trụ sở cũ của Đảng ủy, HĐND, UBND Hồng Quang","Xã Hồng Quang, Xã Lam Sơn, Xã Lê Hồng",106.205,20.7974
thành phố Hải Phòng,Bạch Đằng,phường,4,1182,51633,53.49,Trụ sở cũ của UBND Minh Đức,"Phường Minh Đức, Xã Bạch Đằng (thành phố Thủy Nguyên), Phường Phạm Ngũ Lão",106.725,20.9698
thành phố Hải Phòng,Bạch Long Vĩ,đặc khu,4,3326,686,3.07,Trụ sở huyện Bạch Long Vĩ hiện trạng,Huyện Bạch Long Vĩ,107.732,20.1333
thành phố Hải Phòng,Bình Giang,xã,4,1023,32925,26.01,"Trụ sở cũ của Đảng ủy, HĐND, UBND Tân Việt","Xã Tân Việt (huyện Bình Giang), Xã Long Xuyên, Xã Hồng Khê, Xã Cổ Bì, Xã Vĩnh Hồng",106.222,20.884
thành phố Hải Phòng,Cẩm Giang,xã,4,1021,64523,26.64,"Trụ sở của Đảng ủy, HĐND, UBND thị trấn Cẩm Giang","Thị trấn Cẩm Giang, Xã Định Sơn, Xã Cẩm Hoàng",106.21,20.9687
thành phố Hải Phòng,Cẩm Giàng,xã,4,1026,34025,23.43,"Trụ sở cũ của Đảng ủy, HĐND, UBND Ngọc Liên","Xã Lương Điền, Xã Ngọc Liên, Xã Cẩm Hưng, Xã Phúc Điền",106.156,20.9645
thành phố Hải Phòng,Cát Hải,đặc khu,4,1000,71211,286.98,"Trụ sở UBND huyện Cát Hải, đường Hà Sen, thị trấn Cát Bà và trụ sở UBND thị trấn Cát Hải","Thị trấn Cát Hải, Thị trấn Cát Bà, Xã Đồng Bài, Xã Hoàng Châu, Xã Nghĩa Lộ, Xã Văn Phong, Xã Gia Luận, Xã Hiền Hào, Xã Phù Long, Xã Trân Châu, Xã Việt Hải, Xã Xuân Đám",106.869,20.8087
thành phố Hải Phòng,Chấn Hưng,xã,4,1140,26092,32.11,Trụ sở cũ của UBND Nam Hưng,"Xã Nam Hưng (huyện Tiên Lãng), Xã Bắc Hưng, Xã Đông Hưng, Xã Tây Hưng",106.635,20.6459
thành phố Hải Phòng,Chí Linh,phường,4,872,31983,26.79,"Trụ sở cũ của Đảng ủy, HĐND, UBND Phả Lại","Phường Phả Lại, Phường Cổ Thành, Xã Nhân Huệ",106.319,21.1031
thành phố Hải Phòng,Chí Minh,xã,4,897,32636,33.58,"Trụ sở cũ của Đảng ủy, HĐND, UBND Văn Tố","Xã An Thanh, Xã Văn Tố, Xã Chí Minh",106.462,20.8078
thành phố Hải Phòng,Chu Văn An,phường,4,873,56251,40.86,"Trụ sở cũ của Thành ủy, HĐND, UBND TP Chí Linh","Phường Sao Đỏ, Phường Văn An, Phường Chí Minh, Phường Thái Học, Phường Cộng Hòa, Phường Văn Đức",106.374,21.0949
thành phố Hải Phòng,Đại Sơn,xã,4,963,30161,22.99,"Trụ sở cũ của Đảng ủy, HĐND, UBND Hưng Đạo","Xã Bình Lãng, Xã Đại Sơn, Xã Thanh Hải, Xã Hưng Đạo (huyện Tứ Kỳ)",106.378,20.8723
thành phố Hải Phòng,Đồ Sơn,phường,4,999,36494,25.54,"Trụ sở cũ của UBND quận Đồ Sơn, số 195 Lý Thánh Tông","Phường Hải Sơn, Phường Tân Thành, Phường Vạn Hương, Phường Ngọc Xuyên",106.769,20.6894
thành phố Hải Phòng,Đông Hải,phường,4,980,50748,57.65,"– Số 40 đường Nam Phong (trụ sở cơ quan Đảng)
– Số 433 đường Đông Hải (trụ sở HĐND, UBND, Trung tâm Phục vụ Hành chính công)","Phường Đông Hải 1, Phường Đông Hải 2, Phường Nam Hải",106.777,20.825
thành phố Hải Phòng,Đường An,xã,4,1022,34341,25.53,"Trụ sở cũ của Đảng ủy, HĐND, UBND Tân Hồng","Xã Thúc Kháng, Xã Thái Minh, Xã Tân Hồng, Xã Thái Dương, Xã Thái Hòa",106.171,20.8725
thành phố Hải Phòng,Dương Kinh,phường,4,994,27339,27.96,"Trụ sở cũ của UBND Hải Thành, số 869 đường Phạm Văn Đồng","Phường Hòa Nghĩa, Phường Tân Thành, Phường Anh Dũng, Phường Hải Thành",106.719,20.7736
thành phố Hải Phòng,Gia Lộc,xã,4,1011,46735,21.78,"Trụ sở Huyện ủy, HĐND, UBND huyện Gia Lộc hiện tại","Xã Gia Tiến, Thị trấn Gia Lộc, Xã Gia Phúc, Xã Yết Kiêu, Xã Lê Lợi (huyện Gia Lộc)",106.311,20.8713
thành phố Hải Phòng,Gia Phúc,xã,4,991,40682,31.79,"Trụ sở cũ của Đảng ủy, HĐND, UBND Hồng Hưng","Xã Toàn Thắng, Xã Hoàng Diệu, Xã Hồng Hưng, Xã Thống Kênh, Xã Đoàn Thượng, Xã Quang Đức, Thị trấn Gia Lộc, Xã Gia Phúc",106.291,20.8345
thành phố Hải Phòng,Gia Viên,phường,4,1204,102246,5.01,"– 212 Lê Lợi (trụ sở cơ quan Đảng)
– Trụ sở của UBND Đằng Giang cũ tại số 1/126 An Đà (trụ sở HĐND-UBND)
– 201 Lạch Tray (Trung tâm phục vụ Hành chính công)","Phường Đằng Giang, Phường Cầu Đất, Phường Lạch Tray, Phường Gia Viên, Phường Đông Khê",106.697,20.8477
thành phố Hải Phòng,Hà Bắc,xã,4,949,36429,26.29,"Trụ sở cũ của Đảng ủy, HĐND, UBND Cẩm Việt","Xã Tân Việt (huyện Thanh Hà), Xã Cẩm Việt, Xã Hồng Lạc",106.414,20.942
thành phố Hải Phòng,Hà Đông,xã,4,977,33499,33.15,"Trụ sở cũ của Đảng ủy, HĐND, UBND Thanh Quang","Xã Thanh Hồng, Xã Vĩnh Cường, Xã Thanh Quang",106.473,20.8361
thành phố Hải Phòng,Hà Nam,xã,4,955,27800,27.78,"Trụ sở cũ của Đảng ủy, HĐND, UBND Liên Mạc","Xã Thanh Xuân, Xã Liên Mạc, Xã Thanh Lang, Xã Thanh An, Xã Hòa Bình",106.463,20.921
thành phố Hải Phòng,Hà Tây,xã,4,964,34187,24.41,"Trụ sở cũ của Đảng ủy, HĐND, UBND Thanh Hải","Xã Tân An, Xã An Phượng, Xã Thanh Hải",106.406,20.882
thành phố Hải Phòng,Hải An,phường,4,1208,102648,39.99,Số 10/15A Lê Hồng Phong (trụ sở Sở Tài chính),"Phường Cát Bi, Phường Đằng Lâm, Phường Thành Tô, Phường Đằng Hải, Phường Tràng Cát, Phường Nam Hải, Phường Đông Hải 2",106.738,20.8094
thành phố Hải Phòng,Hải Dương,phường,4,978,51522,6.51,"Trụ sở HĐND, UBND TP Hải Dương hiện tại","Phường Trần Hưng Đạo (thành phố Hải Dương), Phường Nhị Châu, Phường Ngọc Châu, Phường Quang Trung",106.345,20.9445
thành phố Hải Phòng,Hải Hưng,xã,4,1057,27314,24.84,"Trụ sở cũ của Đảng ủy, HĐND, UBND Tân Trào","Xã Tân Trào (huyện Thanh Miện), Xã Ngô Quyền, Xã Đoàn Kết",106.163,20.8038
thành phố Hải Phòng,Hòa Bình,phường,4,1183,47168,19.47,Trụ sở cũ của UBND An Lư,"Phường Hòa Bình, Phường An Lư, Phường Thủy Hà",106.694,20.9383
thành phố Hải Phòng,Hồng An,phường,4,1234,64771,27.64,Trụ sở UBND phường An Hồng (tổ dân phố Lê Lác 2),"Phường Quán Toan, Phường An Hồng, Phường An Hưng, Phường Đại Bản, Phường Lê Thiện, Phường Tân Tiến",106.593,20.9156
thành phố Hải Phòng,Hồng Bàng,phường,4,1189,113200,12.11,"-Số 1 Đinh Tiên Hoàng (trụ sở Sở Tài chính)
-Bộ phận một cửa ở số 203 đường Bạch Đằng","Phường Hoàng Văn Thụ, Phường Minh Khai, Phường Phan Bội Châu, Phường Thượng Lý, Phường Sở Dầu, Phường Hùng Vương, Phường Gia Viên",106.656,20.8712
thành phố Hải Phòng,Hồng Châu,xã,4,1049,32742,29.59,"Trụ sở cũ của Đảng ủy, HĐND, UBND Văn Hội","Xã Tân Quang, Xã Văn Hội, Xã Hưng Long",106.284,20.7295
thành phố Hải Phòng,Hợp Tiến,xã,4,875,20740,17.5,"Trụ sở của Đảng ủy, HĐND, UBND Hợp Tiến hiện tại","Xã Nam Hưng (huyện Nam Sách), Xã Nam Tân, Xã Hợp Tiến",106.338,21.0626
thành phố Hải Phòng,Hưng Đạo,phường,4,1185,37859,18.64,"Trung tâm hành chính quận Dương Kinh, đường Mạc Đăng Doanh","Phường Đa Phúc, Phường Hưng Đạo, Phường Anh Dũng, Phường Hải Thành",106.683,20.8016
thành phố Hải Phòng,Hùng Thắng,xã,4,998,26877,43.59,"Trụ sở của UBND Hùng Thắng, thôn Vấn Đông","Xã Hùng Thắng (huyện Tiên Lãng), Xã Vinh Quang",106.676,20.6621
thành phố Hải Phòng,Kẻ Sặt,xã,4,1025,39554,24.67,"Trụ sở cũ của Huyện ủy, HĐND, UBND huyện Bình Giang","Xã Vĩnh Hưng, Xã Hùng Thắng (huyện Bình Giang), Thị trấn Kẻ Sặt, Xã Vĩnh Hồng",106.181,20.9062
thành phố Hải Phòng,Khúc Thừa Dụ,xã,4,1050,33784,28.79,"Trụ sở cũ của Đảng ủy, HĐND, UBND Hồng Phong","Xã Bình Xuyên, Xã Hồng Phong (huyện Ninh Giang), Xã Kiến Phúc",106.336,20.7391
thành phố Hải Phòng,Kiến An,phường,4,1209,67236,11.18,"Trụ sở cũ của Quận ủy, HĐND, UBND quận Kiến An, số 2 Cao Toàn","Phường Nam Sơn (quận Kiến An), Phường Đồng Hòa, Phường Bắc Sơn, Phường Trần Thành Ngọ, Phường Văn Đẩu",106.637,20.8157
thành phố Hải Phòng,Kiến Hải,xã,4,997,44862,31.86,"Trụ sở cũ của UBND Tú Sơn, thôn 3","Xã Tân Phong, Xã Đại Hợp (huyện Kiến Thụy), Xã Tú Sơn, Xã Đoàn Xá",106.714,20.7107
thành phố Hải Phòng,Kiến Hưng,xã,4,995,28044,21.02,"Trụ sở UBND Kiến Hưng (trụ sở UBND Đại Hà cũ), thôn Cao Bộ","Xã Tân Trào (huyện Kiến Thụy), Xã Kiến Hưng, Xã Đoàn Xá",106.671,20.7167
thành phố Hải Phòng,Kiến Minh,xã,4,1214,26181,16.32,"Trụ sở cũ của UBND Minh Tân, thôn Vũ Vị","Xã Minh Tân (huyện Kiến Thụy), Xã Đại Đồng, Xã Đông Phương",106.689,20.7682
thành phố Hải Phòng,Kiến Thụy,xã,4,1215,37020,20.18,"Trụ sở UBND huyện Kiến Thụy, số 8 Mạc Thái Tổ","Thị trấn Núi Đối, Xã Thanh Sơn (huyện Kiến Thụy), Xã Thuận Thiên, Xã Hữu Bằng, Xã Kiến Hưng",106.655,20.7589
thành phố Hải Phòng,Kim Thành,xã,4,876,42915,33.79,"Trụ sở cũ của Đảng ủy, HĐND, UBND Đồng Cẩm","Xã Đồng Cẩm, Xã Tam Kỳ, Xã Đại Đức, Xã Hòa Bình",106.514,20.885
thành phố Hải Phòng,Kinh Môn,phường,4,1046,24948,11.47,"Trụ sở của Thị ủy, HĐND, UBND thị Kinh Môn hiện tại","Phường An Lưu, Phường Hiệp An, Phường Long Xuyên",106.543,20.9806
thành phố Hải Phòng,Lạc Phượng,xã,4,1054,28613,24.71,"Trụ sở của Đảng ủy, HĐND, UBND Lạc Phượng hiện tại","Xã Quang Trung (huyện Tứ Kỳ), Xã Lạc Phượng, Xã Tiên Động",106.452,20.7763
thành phố Hải Phòng,Lai Khê,xã,4,952,42875,30.07,"Trụ sở của Đảng ủy, HĐND, UBND Lai Khê hiện tại","Xã Lai Khê, Xã Vũ Dũng, Xã Tuấn Việt, Xã Cộng Hoà, Xã Thanh An, Xã Cẩm Việt",106.433,20.978
thành phố Hải Phòng,Lê Chân,phường,4,1207,161051,5.65,"Số 10G, 10H, 10A Hồ Sen","Phường Hàng Kênh, Phường Dư Hàng Kênh, Phường Kênh Dương, Phường An Biên, Phường Trần Nguyên Hãn, Phường Vĩnh Niệm, Phường Cầu Đất, Phường Lạch Tray",106.683,20.8438
thành phố Hải Phòng,Lê Đại Hành,phường,4,1032,24638,31.62,"Trụ sở cũ của Đảng ủy, HĐND, UBND Tân Dân","Phường Tân Dân (thành phố Chí Linh), Phường An Lạc, Phường Đồng Lạc",106.397,21.0518
thành phố Hải Phòng,Lê Ích Mộc,phường,4,1235,51853,27.04,Trụ sở cũ của UBND Quảng Thanh,"Phường Quảng Thanh, Phường Lê Hồng Phong, Xã Quang Trung (thành phố Thủy Nguyên)",106.617,20.9521
thành phố Hải Phòng,Lê Thanh Nghị,phường,4,836,81500,8.04,"Trụ sở cũ của Đảng ủy, HĐND, UBND Tân Bình","Phường Tân Bình, Phường Thanh Bình, Phường Lê Thanh Nghị, Phường Trần Phú",106.315,20.9305
thành phố Hải Phòng,Lưu Kiếm,phường,4,1181,49376,42.17,Trụ sở của UBND Lưu Kiếm,"Phường Trần Hưng Đạo (thành phố Thủy Nguyên), Phường Lưu Kiếm, Xã Liên Xuân, Xã Quang Trung (thành phố Thủy Nguyên)",106.656,20.979
thành phố Hải Phòng,Mao Điền,xã,4,1024,43333,24.37,"Trụ sở cũ của Đảng ủy, HĐND, UBND Tân Trường","Xã Tân Trường, Xã Cẩm Đông, Xã Phúc Điền",106.211,20.9312
thành phố Hải Phòng,Nam An Phụ,xã,4,973,27841,25.9,"Trụ sở cũ của Đảng ủy, HĐND, UBND Quang Thành","Xã Quang Thành, Xã Lạc Long, Xã Thăng Long, Xã Tuấn Việt, Xã Vũ Dũng, Xã Cộng Hòa",106.435,21.0153
thành phố Hải Phòng,Nam Đồ Sơn,phường,4,996,30372,21,"Trụ sở cũ của UBND Hợp Đức, tổ dân phố Đức Hậu","Phường Minh Đức (quận Đồ Sơn), Phường Bàng La, Phường Hợp Đức, Phường Vạn Hương, Phường Ngọc Xuyên",106.745,20.7253
thành phố Hải Phòng,Nam Đồng,phường,4,1012,24900,19.67,"Trụ sở cũ của Đảng ủy, HĐND, UBND Tiền Tiến","Phường Nam Đồng, Xã Tiền Tiến",106.355,20.9219
thành phố Hải Phòng,Nam Sách,xã,4,993,36758,19.75,"Trụ sở của Huyện ủy, HĐND, UBND huyện Nam Sách hiện tại","Thị trấn Nam Sách, Xã Hồng Phong (huyện Nam Sách), Xã Đồng Lạc",106.354,20.9805
thành phố Hải Phòng,Nam Thanh Miện,xã,4,1048,33230,23.99,"Trụ sở cũ của Đảng ủy, HĐND, UBND Chi Lăng Nam","Xã Hồng Phong (huyện Thanh Miện), Xã Thanh Giang, Xã Chi Lăng Bắc, Xã Chi Lăng Nam",106.241,20.7235
thành phố Hải Phòng,Nam Triệu,phường,4,982,40224,29.51,Trụ sở cũ của UBND Nam Triệu Giang,"Phường Nam Triệu Giang, Phường Lập Lễ, Phường Tam Hưng",106.747,20.9136
thành phố Hải Phòng,Nghi Dương,xã,4,1059,25660,19.48,"Trụ sở cũ của UBND Kiến Quốc, thôn 4","Xã Ngũ Phúc (huyện Kiến Thụy), Xã Kiến Quốc, Xã Du Lễ",106.63,20.7269
thành phố Hải Phòng,Ngô Quyền,phường,4,979,88595,5.81,"226 Lê Lai (trụ sở cơ quan Đảng)
46 Lê Lai (UBND, Trung tâm phục vụ hành chính công)","Phường Máy Chai, Phường Vạn Mỹ, Phường Cầu Tre, Phường Gia Viên, Phường Đông Khê",106.704,20.8661
thành phố Hải Phòng,Nguyễn Bỉnh Khiêm,xã,4,1116,24575,26.37,Trụ sở cũ của UBND Trấn Dương,"Xã Trấn Dương, Xã Hòa Bình, Xã Lý Học",106.582,20.6477
thành phố Hải Phòng,Nguyễn Đại Năng,phường,4,1033,29083,17.4,"Trụ sở cũ của Đảng ủy, HĐND, UBND Hiến Thành","Phường Thái Thịnh, Phường Hiến Thành, Xã Minh Hòa",106.567,20.9579
thành phố Hải Phòng,Nguyên Giáp,xã,4,1055,28127,27.21,"Trụ sở của Đảng ủy, HĐND, UBND Nguyên Giáp hiện tại","Xã Hà Kỳ, Xã Nguyên Giáp, Xã Hà Thanh, Xã Tiên Động",106.423,20.7507
thành phố Hải Phòng,Nguyễn Lương Bằng,xã,4,894,33838,21.78,"Trụ sở cũ của Đảng ủy, HĐND, UBND Thanh Tùng","Xã Phạm Kha, Xã Nhân Quyền, Xã Thanh Tùng, Xã Đoàn Tùng",106.224,20.8353
thành phố Hải Phòng,Nguyễn Trãi,phường,4,1028,16098,76.28,"Trụ sở cũ của Đảng ủy, HĐND, UBND Bến Tắm","Phường Bến Tắm, Xã Bắc An, Xã Hoàng Hoa Thám",106.448,21.1918
thành phố Hải Phòng,Nhị Chiểu,phường,4,870,43799,39.28,"Trụ sở cũ của Đảng ủy, HĐND, UBND Phú Thứ","Phường Tân Dân (thị xã Kinh Môn), Phường Minh Tân, Phường Duy Tân, Phường Phú Thứ",106.557,21.0346
thành phố Hải Phòng,Ninh Giang,xã,4,1053,39535,27.41,"Trụ sở của HĐND, UBND huyện Ninh Giang hiện tại","Thị trấn Ninh Giang, Xã Vĩnh Hòa (huyện Ninh Giang), Xã Hồng Dụ, Xã Hiệp Lực",106.382,20.7388
thành phố Hải Phòng,Phạm Sư Mạnh,phường,4,1030,24919,22.34,"Trụ sở cũ của Đảng ủy, HĐND, UBND Hiệp Sơn","Phường Phạm Thái, Phường An Sinh, Phường Hiệp Sơn",106.512,21.0179
thành phố Hải Phòng,Phù Liễn,phường,4,1237,60733,18.46,"Trụ sở cũ của UBND Văn Đẩu, số 618 Nguyễn Lương Bằng","Phường Bắc Hà, Phường Ngọc Sơn, Thị trấn Trường Sơn, Phường Nam Sơn (quận Kiến An), Phường Đồng Hòa, Phường Bắc Sơn, Phường Trần Thành Ngọ, Phường Văn Đẩu",106.633,20.794
thành phố Hải Phòng,Phú Thái,xã,4,868,46234,28.89,"Trụ sở cũ của Huyện ủy, HĐND, UBND huyện Kim Thành","Thị trấn Phú Thái, Xã Kim Xuyên, Xã Kim Anh, Xã Kim Liên, Xã Thượng Quận",106.505,20.9594
thành phố Hải Phòng,Quyết Thắng,xã,4,1070,22560,22.15,"Trụ sở cũ của UBND Tiên Cường, thôn Sinh Đan","Xã Đại Thắng, Xã Tiên Cường, Xã Tự Cường",106.517,20.7754
thành phố Hải Phòng,Tân An,xã,4,1051,27563,24.9,"Trụ sở cũ của Đảng ủy, HĐND, UBND Đức Phúc","Xã Tân Phong (huyện Ninh Giang), Xã An Đức, Xã Đức Phúc",106.312,20.7617
thành phố Hải Phòng,Tân Hưng,phường,4,992,38794,14.18,"Trụ sở cũ của Đảng ủy, HĐND, UBND Hải Tân","Phường Hải Tân, Phường Tân Hưng, Xã Ngọc Sơn, Phường Trần Phú",106.337,20.9055
thành phố Hải Phòng,Tân Kỳ,xã,4,895,38172,27.76,"Trụ sở của Đảng ủy, HĐND, UBND Tân Kỳ hiện tại","Xã Đại Hợp (huyện Tứ Kỳ), Xã Tân Kỳ, Xã Dân An, Xã Kỳ Sơn, Xã Hưng Đạo (huyện Tứ Kỳ)",106.342,20.8263
thành phố Hải Phòng,Tân Minh,xã,4,1145,36598,33,Trụ sở cũ của UBND Cấp Tiến,"Xã Cấp Tiến, Xã Kiến Thiết, Xã Đoàn Lập, Xã Tân Minh",106.552,20.6966
thành phố Hải Phòng,Thạch Khôi,phường,4,847,34432,19.94,"Trụ sở của Đảng ủy, HĐND, UBND Thạch Khôi hiện tại","Phường Thạch Khôi, Xã Gia Xuyên, Xã Liên Hồng, Xã Thống Nhất",106.298,20.9011
thành phố Hải Phòng,Thái Tân,xã,4,1020,20334,20.73,"Trụ sở của Đảng ủy, HĐND, UBND Thái Tân hiện tại","Xã Minh Tân (huyện Nam Sách), Xã An Sơn, Xã Thái Tân",106.298,20.9762
thành phố Hải Phòng,Thành Đông,phường,4,837,50307,12.22,"Trụ sở cũ của Đảng ủy, HĐND, UBND và Công an Cẩm Thượng","Phường Cẩm Thượng, Phường Bình Hàn, Phường Nguyễn Trãi, Xã An Thượng",106.325,20.9596
thành phố Hải Phòng,Thanh Hà,xã,4,975,36173,25.9,"Trụ sở của Huyện ủy, HĐND, UBND huyện Thanh Hà","Thị trấn Thanh Hà, Xã Thanh Sơn (huyện Thanh Hà), Xã Thanh Tân",106.439,20.8856
thành phố Hải Phòng,Thanh Miện,xã,4,892,45388,33.47,"Trụ sở của Huyện ủy, HĐND, UBND huyện Thanh Miện hiện tại","Xã Cao Thắng, Xã Ngũ Hùng, Xã Tứ Cường, Thị trấn Thanh Miện",106.24,20.7742
thành phố Hải Phòng,Thiên Hương,phường,4,1216,45140,21.1,Trụ sở của UBND Thiên Hương,"Phường Thiên Hương, Phường Hoàng Lâm, Phường Lê Hồng Phong, Phường Hoa Động",106.641,20.9073
thành phố Hải Phòng,Thượng Hồng,xã,4,1047,24584,24.01,"Trụ sở cũ của Đảng ủy, HĐND, UBND Thái Hòa","Xã Bình Xuyên (huyện Bình Giang), Xã Thanh Tùng, Xã Đoàn Tùng, Xã Thúc Kháng, Xã Thái Minh, Xã Tân Hồng, Xã Thái Dương, Xã Thái Hòa",106.188,20.8367
thành phố Hải Phòng,Thủy Nguyên,phường,4,981,71731,45.34,Trụ sở của UBND TP Thủy Nguyên hiện tại,"Phường Dương Quan, Phường Thủy Đường, Phường Hoa Động, Phường An Lư, Phường Thủy Hà",106.698,20.8907
thành phố Hải Phòng,Tiên Lãng,xã,4,1162,40446,27.89,"Trụ sở cũ của Huyện ủy, Mặt trận TQVN huyện Tiên Lãng","Thị trấn Tiên Lãng, Xã Quyết Tiến, Xã Tiên Thanh, Xã Khởi Nghĩa",106.542,20.7349
thành phố Hải Phòng,Tiên Minh,xã,4,1157,36236,36.48,"Trụ sở cũ của UBND Tân Minh, thôn Đông Quy, Tân Minh (Toàn Thắng cũ)","Xã Tiên Thắng, Xã Tiên Minh, Xã Tân Minh",106.604,20.6953
thành phố Hải Phòng,Trần Hưng Đạo,phường,4,1029,35932,66.89,"Trụ sở cũ của Đảng ủy, HĐND, UBND Cộng Hòa","Xã Lê Lợi, Xã Hưng Đạo (thành phố Chí Linh), Phường Cộng Hòa",106.371,21.1515
thành phố Hải Phòng,Trần Liễu,phường,4,976,26696,23.87,"Trụ sở cũ của Đảng ủy, HĐND, UBND Thượng Quận","Phường An Phụ, Xã Hiệp Hòa, Xã Thượng Quận",106.492,20.9958
thành phố Hải Phòng,Trần Nhân Tông,phường,4,1027,27053,39.97,"Trụ sở cũ của Đảng ủy, HĐND, UBND Hoàng Tân","Phường Hoàng Tân, Phường Hoàng Tiến, Phường Văn Đức",106.469,21.1313
thành phố Hải Phòng,Trần Phú,xã,4,874,35937,24.99,"Trụ sở Đảng ủy, HĐND, UBND Trần Phú hiện tại","Xã Quốc Tuấn (huyện Nam Sách), Xã Hiệp Cát, Xã Trần Phú",106.328,21.0319
thành phố Hải Phòng,Trường Tân,xã,4,893,31736,24.56,"Trụ sở cũ của Đảng ủy, HĐND, UBND Nhật Quang","Xã Phạm Trấn, Xã Nhật Quang, Xã Thống Kênh, Xã Đoàn Thượng, Xã Quang Đức, Thị trấn Thanh Miện",106.269,20.8055
thành phố Hải Phòng,Tứ Kỳ,xã,4,896,37792,30.86,"Trụ sở của Huyện ủy, HĐND, UBND huyện Tứ Kỳ","Thị trấn Tứ Kỳ, Xã Minh Đức, Xã Quang Khải, Xã Quang Phục",106.391,20.8089
thành phố Hải Phòng,Tứ Minh,phường,4,1019,30416,14.77,"Trụ sở cũ của Huyện ủy, HĐND, UBND huyện Cẩm Giàng","Xã Cẩm Đoài, Phường Tứ Minh, Thị trấn Lai Cách",106.267,20.9252
thành phố Hải Phòng,Tuệ Tĩnh,xã,4,990,27202,17.78,"Trụ sở cũ của Đảng ủy, HĐND, UBND Cẩm Vũ","Xã Đức Chính, Xã Cẩm Vũ, Xã Cẩm Văn",106.262,20.9738
thành phố Hải Phòng,Việt Hòa,xã,4,989,31001,17.02,"Trụ sở của Đảng ủy, HĐND, UBND Việt Hòa hiện tại","Phường Việt Hòa, Xã Cao An, Phường Tứ Minh, Thị trấn Lai Cách",106.254,20.9478
thành phố Hải Phòng,Việt Khê,xã,4,1236,37936,30.98,Trụ sở của UBND Ninh Sơn (Phù Ninh cũ),"Xã Ninh Sơn, Xã Liên Xuân",106.592,20.9951
thành phố Hải Phòng,Vĩnh Am,xã,4,1111,34562,27.34,Trụ sở cũ của UBND Tam Cường,"Xã Tam Cường, Xã Cao Minh, Xã Liên Am",106.519,20.6348
thành phố Hải Phòng,Vĩnh Bảo,xã,4,1179,45332,30.6,Trụ sở của UBND huyện Vĩnh Bảo hiện tại,"Thị trấn Vĩnh Bảo, Xã Vĩnh Hưng (huyện Vĩnh Bảo), Xã Tân Hưng, Xã Tân Liên",106.487,20.6796
thành phố Hải Phòng,Vĩnh Hải,xã,4,1132,37574,32.21,Trụ sở của UBND Vĩnh Hải (Thanh Lương cũ),"Xã Tiền Phong, Xã Vĩnh Hải",106.475,20.6361
thành phố Hải Phòng,Vĩnh Hòa,phường,4,1177,28176,21.66,Trụ sở của UBND Vĩnh Hòa (Hiệp Hòa cũ),"Xã Vĩnh Hòa (huyện Vĩnh Bảo), Xã Hùng Tiến",106.432,20.6908
thành phố Hải Phòng,Vĩnh Lại,xã,4,1052,38963,26.15,"Trụ sở cũ của Đảng ủy, HĐND, UBND Nghĩa An","Xã Ứng Hòe, Xã Tân Hương, Xã Nghĩa An",106.359,20.7819
thành phố Hải Phòng,Vĩnh Thịnh,xã,4,1178,26382,21.5,Trụ sở của UBND Trung Lập,"Xã Thắng Thủy, Xã Trung Lập, Xã Việt Tiến",106.475,20.7168
thành phố Hải Phòng,Vĩnh Thuận,xã,4,1065,28879,23.5,Trụ sở của UBND Vĩnh An,"Xã Vĩnh An, Xã Giang Biên, Xã Dũng Tiến",106.487,20.7414
thành phố Hải Phòng,Yết Kiêu,xã,4,1058,33499,21.53,"Trụ sở của Đảng ủy, HĐND, UBND Yết Kiêu hiện tại","Xã Thống Nhất, Xã Lê Lợi (huyện Gia Lộc), Xã Yết Kiêu",106.262,20.8746
