tentinh,tenxa,loai,matinh,maxa,danso,dientich_km2,trungtam_hc,truoc_sapnhap,kinhdo,vido
thành phố Hồ Chí Minh,An Đông,phường,29,173,81229,1.32,"209 An Dương Vương, phường 7, quận 5 cũ","Phường 5, Phường 7, Phường 9 (Quận 5)",106.672,10.7548
thành phố Hồ Chí Minh,An Hội Đông,phường,29,74,113681,3.29,"328 Thống Nhất, Phường 16, quận Gò Vấp cũ","Phường 15, Phường 16 (quận Gò Vấp)",106.667,10.8501
thành phố Hồ Chí Minh,An Hội Tây,phường,29,77,121004,3.79,"397 Phan Huy Ích, phường 14, quận Gò Vấp cũ","Phường 12, Phường 14 (quận Gò Vấp)",106.638,10.8389
thành phố Hồ Chí Minh,An Khánh,phường,29,131,76967,15.33,"171/1 Lương Định Của, phường An Khánh, TP Thủ Đức cũ","Phường Thủ Thiêm, Phường An Lợi Đông, Phường Thảo Điền, Phường An Khánh, Phường An Phú (thành phố Thủ Đức)",106.732,10.7881
thành phố Hồ Chí Minh,An Lạc,phường,29,224,172134,10.47,"521 Kinh Dương Vương, phường An Lạc, quận Bình Tân cũ","Phường Bình Trị Đông B, Phường An Lạc A, Phường An Lạc",106.612,10.736
thành phố Hồ Chí Minh,An Long,xã,29,20,17906,100.045,"Tổ 04, ấp Xóm Quạt, xã An Long, huyện Phú Giáo, tỉnh Bình Dương cũ","Xã An Linh, Xã Tân Long, Xã An Long",106.699,11.3269
thành phố Hồ Chí Minh,An Nhơn,phường,29,76,111498,3.23,"1C Nguyễn Văn Lượng, phường 6, Gò Vấp cũ","Phường 5, Phường 6 (quận Gò Vấp)",106.683,10.8427
thành phố Hồ Chí Minh,An Nhơn Tây,xã,29,187,40896,77.69,"1407 đường Tỉnh lộ 7, xã An Nhơn Tây, huyện Củ Chi cũ ","Xã Phú Mỹ Hưng, Xã An Phú, Xã An Nhơn Tây",106.483,11.1015
thành phố Hồ Chí Minh,An Phú,phường,29,35,162930,16.851,"ĐT743, khu phố 1A, phường An Phú, TP Thuận An, tỉnh Bình Dương cũ","Phường An Phú (thành phố Thuận An), Phường Bình Chuẩn",106.736,10.9593
thành phố Hồ Chí Minh,An Phú Đông,phường,29,217,179115,14.59,"Trụ sở UBND phường Thạnh Lộc, quận 12 cũ","Phường Thạnh Lộc, Phường An Phú Đông",106.693,10.8625
thành phố Hồ Chí Minh,An Thới Đông,xã,29,215,22607,257.84,"Trụ sở UBND xã An Thới Đông cũ, ấp An Hòa 1, huyện Cần Giờ cũ","Xã Lý Nhơn, Xã An Thới Đông",106.807,10.5016
thành phố Hồ Chí Minh,Bà Điểm,xã,29,201,204289,27.36,Trụ sở Đảng ủy - HĐND - UBND xã Bà Điểm cũ,"Xã Xuân Thới Thượng, Xã Trung Chánh, Xã Bà Điểm",106.55,10.8567
thành phố Hồ Chí Minh,Bà Rịa,phường,29,2222,52260,15.55,"137 đường 27/4 phường Phước Trung, thành phố Bà Rịa, tỉnh Bà Rịa-Vũng Tàu cũ","Phường Phước Trung, Phường Phước Nguyên, Phường Long Toàn, Phường Phước Hưng",107.182,10.4925
thành phố Hồ Chí Minh,Bắc Tân Uyên,xã,29,24,27964,143.694,"Khu phố 2, thị trấn Tân Thành, huyện Bắc Tân Uyên, tỉnh Bình Dương cũ","Thị trấn Tân Thành, Xã Đất Cuốc, Xã Tân Định",106.865,11.1707
thành phố Hồ Chí Minh,Bàn Cờ,phường,29,141,67634,0.99,"296-298 Nguyễn Thiện Thuật, phường 3, quận 3 cũ","Phường 1, Phường 2, Phường 3, Phường 5, Phường 4 (Quận 3)",106.682,10.7705
thành phố Hồ Chí Minh,Bàu Bàng,xã,29,12,42219,84.089,"Trung tâm hành chính huyện Bàu Bàng, khu phố Đồng Sổ, thị trấn Lai Uyên, Huyện Bàu Bàng, tỉnh Bình Dương cũ",Thị trấn Lai Uyên,106.623,11.2876
thành phố Hồ Chí Minh,Bàu Lâm,xã,29,2233,22567,123.83,"Ấp 2 Đông, xã Bàu Lâm, huyện Xuyên Mộc, tỉnh Bà Rịa - Vũng Tàu cũ","Xã Tân Lâm, Xã Bàu Lâm",107.418,10.7308
thành phố Hồ Chí Minh,Bảy Hiền,phường,29,112,132252,2.86,"1129/20 Lạc Long Quân, phường 11, quận Tân Bình cũ","Phường 10, Phường 11, Phường 12 (quận Tân Bình)",106.649,10.7922
thành phố Hồ Chí Minh,Bến Cát,phường,29,10,97928,100.893,"KP2, phường Mỹ Phước, TP Bến Cát, tỉnh Bình Dương cũ","Xã Tân Hưng (huyện Bàu Bàng), Xã Lai Hưng, Phường Mỹ Phước",106.605,11.1876
thành phố Hồ Chí Minh,Bến Thành,phường,29,41,71875,1.85,"92 Nguyễn Trãi, phường Bến Thành, quận 1 cũ và 238 - 240 Đề Thám, phường Phạm Ngũ Lão, quận 1 cũ ","Phường Bến Thành, Phường Phạm Ngũ Lão, Phường Cầu Ông Lãnh, Phường Nguyễn Thái Bình",106.694,10.7713
thành phố Hồ Chí Minh,Bình Chánh,xã,29,208,76187,21.33,"345 đường Trịnh Như Khuê, xã Bình Khánh, huyện Bình Chánh cũ","Xã Tân Quý Tây, Xã Bình Chánh, Xã An Phú Tây",106.586,10.6662
thành phố Hồ Chí Minh,Bình Châu,xã,29,2236,26054,87.06,"Quốc lộ 55, ấp Láng Găng, xã Bình Châu, huyện Xuyên Mộc, tỉnh Bà Rịa - Vũng Tàu cũ",Không sáp nhập,107.532,10.5913
thành phố Hồ Chí Minh,Bình Cơ,phường,29,25,64601,73.694,"ĐT 747, khu phố 2, phường Hội Nghĩa, TP Tân Uyên, tỉnh Bình Dương cũ","Xã Bình Mỹ (huyện Bắc Tân Uyên), Phường Hội Nghĩa",106.765,11.153
thành phố Hồ Chí Minh,Bình Đông,phường,29,211,156332,8.93,"1094 Tạ Quang Bửu, phường 6, quận 8 cũ","Phường 6 (Quận 8), Phường 7 (Quận 8), Xã An Phú Tây, Phường 5 (Quận 8)",106.612,10.7012
thành phố Hồ Chí Minh,Bình Dương,phường,29,4,107576,58.157,"357 đường Võ Nguyên Giáp, khu phố 1, phường Hòa Phú, TP Thủ Dầu Một, tỉnh Bình Dương cũ","Phường Phú Mỹ (thành phố Thủ Dầu Một), Phường Hòa Phú, Phường Phú Tân, Phường Phú Chánh",106.687,11.0528
thành phố Hồ Chí Minh,Bình Giã,xã,29,2228,34262,66.96,"Tổ 2, ấp Vĩnh Bình, xã Bình Giã, huyện Châu Đức, tỉnh Bà Rịa - Vũng Tàu cũ","Xã Bình Trung, Xã Quảng Thành, Xã Bình Giã",107.282,10.6717
thành phố Hồ Chí Minh,Bình Hòa,phường,29,36,120035,18.493,"ĐT 743C, khu phố Bình Đức 1, phường Bình Hoà, TP Thuận An, tỉnh Bình Dương cũ","Phường Bình Hòa, Phường Vĩnh Phú",106.723,10.9036
thành phố Hồ Chí Minh,Bình Hưng,xã,29,206,183729,32.63,"A10/26A, đường số 10, khu dân cư Bình Hưng, ấp 6, xã Bình Hưng, huyện Bình Chánh cũ","Xã Phong Phú, Xã Bình Hưng, Phường 7 (Quận 8)",106.66,10.7067
thành phố Hồ Chí Minh,Bình Hưng Hòa,phường,29,212,187950,8.47,"621 Tân Kỳ Tân Quý, phường Bình Hưng Hòa A, quận Bình Tân cũ","Phường Bình Hưng Hòa, Phường Sơn Kỳ, Phường Bình Hưng Hòa A",106.606,10.7966
thành phố Hồ Chí Minh,Bình Khánh,xã,29,214,35481,158.28,"Trụ sở UBND xã Bình Khánh cũ, tọa lạc đường Rừng Sác, ấp Bình An 1, huyện Cần Giờ cũ","Xã Tam Thôn Hiệp, Xã Bình Khánh, Xã An Thới Đông",106.856,10.5964
thành phố Hồ Chí Minh,Bình Lợi,xã,29,205,47180,54.18,"1905 đường Trần Văn Giàu, xã Lê Minh Xuân, huyện Bình Chánh cũ và 1060 đường Vườn Thơm, xã Bình Lợi, huyện Bình Chánh cũ","Xã Lê Minh Xuân, Xã Bình Lợi",106.516,10.754
thành phố Hồ Chí Minh,Bình Lợi Trung,phường,29,92,116121,3.89,"355/5 Nơ Trang Long, phường 13, quận Bình Thạnh cũ","Phường 5, Phường 11, Phường 13 (quận Bình Thạnh)",106.706,10.8273
thành phố Hồ Chí Minh,Bình Mỹ,xã,29,195,99675,54.43,"1627 ấp 1A, xã Hòa Phú, huyện Củ Chi cũ ","Xã Bình Mỹ (huyện Củ Chi), Xã Hòa Phú, Xã Trung An",106.635,10.947
thành phố Hồ Chí Minh,Bình Phú,phường,29,188,75925,2.86,"15 đường Chợ Lớn, phường, quận 6 cũ","Phường 10, Phường 11 (Quận 6), Phường 16 (Quận 8)",106.629,10.7388
thành phố Hồ Chí Minh,Bình Quới,phường,29,96,46200,6.34,"1 khu hành chính Thanh Đa, phường 27, quận Bình Thạnh cũ","Phường 27, Phường 28",106.742,10.822
thành phố Hồ Chí Minh,Bình Tân,phường,29,223,161851,11.25,"43 đường số 16, phường Bình Hưng Hòa B, quận Bình Tân cũ","Phường Bình Hưng Hòa B, Phường Bình Trị Đông A, Phường Tân Tạo",106.594,10.8059
thành phố Hồ Chí Minh,Bình Tây,phường,29,179,63293,1.05,"178/7R Hậu Giang, phường 2, quận 6 cũ","Phường 2, Phường 9 (Quận 6)",106.645,10.7507
thành phố Hồ Chí Minh,Bình Thạnh,phường,29,93,126300,3.32,"6 Phan Đăng Lưu, phường 14, quận Bình Thạnh cũ","Phường 12, Phường 14 (quận Bình Thạnh), Phường 26",106.705,10.8109
thành phố Hồ Chí Minh,Bình Thới,phường,29,147,55851,1.52,"268 - 270 Bình Thới, quận 11 cũ","Phường 3, Phường 10 (Quận 11), Phường 8 (Quận 11)",106.642,10.7626
thành phố Hồ Chí Minh,Bình Tiên,phường,29,189,91520,1.61,"107 đường Cao Văn Lầu, phường 1, quận 6 cũ","Phường 1, Phường 7, Phường 8 (Quận 6)",106.643,10.7425
thành phố Hồ Chí Minh,Bình Trị Đông,phường,29,222,165142,7.15,"162 Mã Lò, phường Bình Trị Đông A, quận Bình Tân cũ","Phường Bình Trị Đông, Phường Bình Hưng Hòa A, Phường Bình Trị Đông A",106.609,10.7684
thành phố Hồ Chí Minh,Bình Trưng,phường,29,132,121382,14.82,"8 đường Hồ Thị Nhung, khu phố 4, phường Bình Trưng Đông, TP Thủ Đức cũ","Phường Bình Trưng Đông, Phường Bình Trưng Tây, Phường An Phú (thành phố Thủ Đức)",106.767,10.795
thành phố Hồ Chí Minh,Cần Giờ,xã,29,213,27130,157.01,"48 đường Lương Văn Nho, khu phố Giồng Ao, thị trấn Cần Thạnh, huyện Cần Giờ cũ","Xã Long Hòa (huyện Cần Giờ), Thị trấn Cần Thạnh",106.908,10.4524
thành phố Hồ Chí Minh,Cát Lái,phường,29,133,68654,19.65,"45 Phan Bá Vành, phường Thạnh Mỹ Lợi, TP Thủ Đức cũ","Phường Thạnh Mỹ Lợi, Phường Cát Lái",106.773,10.7634
thành phố Hồ Chí Minh,Cầu Kiệu,phường,29,129,62663,1.23,"18 Đoàn Thị Điểm, quận Phú Nhuận cũ","Phường 1, Phường 2, Phường 7 (quận Phú Nhuận), Phường 15 (quận Phú Nhuận)",106.689,10.7995
thành phố Hồ Chí Minh,Cầu Ông Lãnh,phường,29,42,78734,1.6,"105 Trần Đình Xu, phường Nguyễn Cư Trinh, quận 1 cũ","Phường Nguyễn Cư Trinh, Phường Cầu Kho, Phường Cô Giang, Phường Cầu Ông Lãnh",106.69,10.7607
thành phố Hồ Chí Minh,Chánh Hiệp,phường,29,3,56387,19.664,"279 đường Hồ Văn Cống, khu phố 3, phường Tương Bình Hiệp, TP Thủ Dầu Một, tỉnh Bình Dương cũ","Phường Định Hòa, Phường Tương Bình Hiệp, Phường Hiệp An, Phường Chánh Mỹ",106.64,11.0147
thành phố Hồ Chí Minh,Chánh Hưng,phường,29,198,190707,4.61,"39 Dương Bạch Mai, phường 5, quận 8 cũ","Phường 4 (Quận 8), Rạch Ông, Phường Hưng Phú, Phường 5 (Quận 8)",106.677,10.7434
thành phố Hồ Chí Minh,Chánh Phú Hòa,phường,29,14,53916,69.543,"đường ĐTT 741, khu phố 9, phường Chánh Phú Hòa, TP Bến Cát, tỉnh Bình Dương cũ","Phường Chánh Phú Hòa, Xã Hưng Hòa",106.67,11.1849
thành phố Hồ Chí Minh,Châu Đức,xã,29,2229,28240,84.66,"Ấp Liên Lộc, xã Xà Bang, huyện Châu Đức, tỉnh Bà Rịa Vũng Tàu cũ","Xã Cù Bị, Xã Xà Bang",107.208,10.7336
thành phố Hồ Chí Minh,Châu Pha,xã,29,2244,27394,61.63,"Xã Châu Pha, TP Phú Mỹ, tỉnh Bà Rịa - Vũng Tàu cũ","Xã Tóc Tiên, Xã Châu Pha",107.132,10.5864
thành phố Hồ Chí Minh,Chợ Lớn,phường,29,178,85066,1.67,"131 Triệu Quang Phục, phường 11, quận 5 cũ","Phường 11, Phường 12, Phường 13, Phường 14 (Quận 5)",106.659,10.7532
thành phố Hồ Chí Minh,Chợ Quán,phường,29,172,63545,1.28,"462-464 An Dương Vương, phường 4, quận 5 cũ","Phường 1, Phường 2, Phường 4 (Quận 5)",106.681,10.7574
thành phố Hồ Chí Minh,Côn Đảo,đặc khu,29,3312,6502,75.79,"28 đường Tôn Đức Thắng, huyện Côn Đảo, tỉnh Bà Rịa - Vũng Tàu cũ",Huyện Côn Đảo,106.615,8.71058
thành phố Hồ Chí Minh,Củ Chi,xã,29,193,128661,64.87,"314 đường Phan Văn Khải, ấp Đình B, xã Tân Phú Trung, huyện Củ Chi cũ ","Xã Tân Phú Trung, Xã Tân Thông Hội, Xã Phước Vĩnh An",106.533,10.9518
thành phố Hồ Chí Minh,Đất Đỏ,xã,29,2238,43862,119.77,"KP Hiệp Hòa, TT Đất Đỏ, huyện Long Đất, tỉnh Bà Rịa - Vũng Tàu cũ","Thị trấn Đất Đỏ, Xã Long Tân (huyện Long Đất), Xã Láng Dài, Xã Phước Long Thọ",107.304,10.5203
thành phố Hồ Chí Minh,Dầu Tiếng,xã,29,5,39056,182.685,"Đường Hùng Vương, KP4B, thị trấn Dầu Tiếng, huyện Dầu Tiếng, tỉnh Bình Dương cũ","Thị trấn Dầu Tiếng, Xã Định An, Xã Định Thành, Xã Định Hiệp",106.394,11.3421
thành phố Hồ Chí Minh,Dĩ An,phường,29,29,227817,21.375,"10 Trung tâm hành chính, phường Dĩ An, tỉnh Bình Dương cũ","Phường An Bình, Phường Dĩ An, Phường Tân Đông Hiệp",106.759,10.9034
thành phố Hồ Chí Minh,Diên Hồng,phường,29,46,75633,1.86," 01A Thành Thái, phường 14, quận 10 cũ","Phường 6, Phường 8 (Quận 10), Phường 14 (Quận 10)",106.662,10.7691
thành phố Hồ Chí Minh,Đông Hòa,phường,29,31,132056,21.893,"153 Quốc lộ 1K, phường Đông Hoà, tỉnh Bình Dương cũ","Phường Bình An, Phường Bình Thắng, Phường Đông Hòa",106.8,10.8935
thành phố Hồ Chí Minh,Đông Hưng Thuận,phường,29,48,182895,8.26,"Trụ sở UBND phường Tân Thới Nhất, quận 12 cũ","Phường Tân Thới Nhất, Phường Tân Hưng Thuận, Phường Đông Hưng Thuận",106.622,10.8357
thành phố Hồ Chí Minh,Đông Thạnh,xã,29,197,190400,30.16,Trụ sở Đảng ủy - HĐND - UBND xã Đông Thạnh cũ,"Xã Thới Tam Thôn, Xã Nhị Bình, Xã Đông Thạnh",106.645,10.9069
thành phố Hồ Chí Minh,Đức Nhuận,phường,29,128,71495,2.16,"744 Nguyễn Kiệm, quận Phú Nhuận cũ","Phường 4, Phường 5, Phường 9 (quận Phú Nhuận)",106.677,10.8055
thành phố Hồ Chí Minh,Gia Định,phường,29,95,125946,2.76,"Tạm thời sử dụng trụ sở UBND phường 7, Bình Thạnh cũ, 58 Hoàng Hoa Thám, phường 7 và trụ sở UBND phường 2 cũ, số 14 Phan Bội Châu, phường 2.
Dự kiến xây dựng trụ sở UBND phường Gia Định tại số 134 Lê Văn Duyệt, phường 1, quận Bình Thạnh cũ","Phường 1, Phường 2, Phường 7, Phường 17 (quận Bình Thạnh)",106.699,10.7983
thành phố Hồ Chí Minh,Gò Vấp,phường,29,75,110850,2.81,"332 Quang Trung, phường 10, Quận Gò Vấp cũ","Phường 10, Phường 17 (quận Gò Vấp)",106.673,10.8358
thành phố Hồ Chí Minh,Hạnh Thông,phường,29,80,128865,3.37,"306 Nguyễn Văn Nghi, phường 1, quận Gò Vấp cũ","Phường 1, Phường 3 (quận Gò Vấp)",106.683,10.8213
thành phố Hồ Chí Minh,Hiệp Bình,phường,29,44,215638,16.01,"721 Quốc lộ 13, khu phố 3, phường Hiệp Bình Phước, TP Thủ Đức cũ","Phường Hiệp Bình Chánh, Phường Hiệp Bình Phước, Phường Linh Đông",106.723,10.8442
thành phố Hồ Chí Minh,Hiệp Phước,xã,29,210,67754,63.33,"209 Nguyễn Văn Tạo, xã Long Thới, huyện Nhà Bè cũ","Xã Nhơn Đức, Xã Long Thới, Xã Hiệp Phước",106.757,10.614
thành phố Hồ Chí Minh,Hồ Tràm,xã,29,2231,51895,94.51,"151 quốc lộ 55, thị trấn Phước Bửu, huyện Xuyên Mộc, tỉnh Bà Rịa - Vũng Tàu cũ","Thị trấn Phước Bửu, Xã Phước Tân, Xã Phước Thuận",107.398,10.5221
thành phố Hồ Chí Minh,Hòa Bình,phường,29,97,49863,0.98,"347 Lạc Long Quân, phường 5, quận 11 cũ và 416/1 Lạc Long Quân, quận 11 cũ","Phường 5, Phường 14 (Quận 11)",106.645,10.7702
thành phố Hồ Chí Minh,Hòa Hiệp,xã,29,2235,25995,99.28,"Xã Hòa Hiệp, huyện Xuyên Mộc, tỉnh Bà Rịa - Vũng Tàu cũ",Không sáp nhập,107.497,10.6993
thành phố Hồ Chí Minh,Hòa Hội,xã,29,2234,36174,136.27,"xã Hòa Bình, huyện Xuyên Mộc, tỉnh Bà Rịa - Vũng Tàu cũ","Xã Hòa Hưng, Xã Hòa Bình, Xã Hòa Hội",107.424,10.63
thành phố Hồ Chí Minh,Hòa Hưng,phường,29,134,96414,2.59,"TT20 (số cũ LL1) Tam Đảo, phường 15, quận 10 cũ","Phường 12, Phường 13, Phường 15 (Quận 10), Phường 14 (Quận 10)",106.67,10.7776
thành phố Hồ Chí Minh,Hòa Lợi,phường,29,16,79694,33.589,"Khu phố An Hoà, phường Hòa Lợi, TP Bến Cát, tỉnh Bình Dương cũ","Phường Tân Định (thành phố Bến Cát), Phường Hòa Lợi",106.649,11.0673
thành phố Hồ Chí Minh,Hóc Môn,xã,29,196,93323,16.43,Trụ sở Đảng ủy - HĐND - UBND huyện Hóc Môn cũ,"Xã Tân Hiệp (huyện Hóc Môn), Xã Tân Xuân, Thị trấn Hóc Môn",106.592,10.9018
thành phố Hồ Chí Minh,Hưng Long,xã,29,207,71504,35.54,"564 đường Đoàn Nguyễn Tuấn, ấp 6, xã Hưng Long, huyện Bình Chánh cũ và  33 đường Hưng Long - Qui Đức, ấp 3, xã Qui Đức, huyện Bình Chánh cũ","Xã Đa Phước, Xã Qui Đức, Xã Hưng Long",106.645,10.6594
thành phố Hồ Chí Minh,Khánh Hội,phường,29,165,94507,1.07,"104 Bến Vân Đồn, phường 9, quận 4 cũ","Phường 8, Phường 9 (Quận 4), Phường 2, Phường 4 (Quận 4), Phường 15 (Quận 4)",106.704,10.7589
thành phố Hồ Chí Minh,Kim Long,xã,29,2225,33369,63.92,"Tổ 19, khu phố Hưng Long, thị trấn Kim Long, huyện Châu Đức, tỉnh Bà Rịa -Vũng Tàu cũ","Thị trấn Kim Long, Xã Bàu Chinh, Xã Láng Lớn",107.187,10.6694
thành phố Hồ Chí Minh,Lái Thiêu,phường,29,33,118852,15.461,"Khu phố chợ, phường Lái Thiêu, TP Thuận An, tỉnh Bình Dương cũ","Phường Bình Nhâm, Phường Lái Thiêu, Phường Vĩnh Phú",106.699,10.9091
thành phố Hồ Chí Minh,Linh Xuân,phường,29,49,158334,12.29,"1262 Kha Vạn Cân, khu phố 2, phường Linh Trung và 49 Hoàng Cầm, khu phố 2, phường Linh Xuân, TP Thủ Đức cũ","Phường Linh Trung, Phường Linh Xuân, Phường Linh Tây",106.775,10.8687
thành phố Hồ Chí Minh,Long Bình,phường,29,65,119637,29.43,"325 đường Nguyễn Văn Tăng, phường Long Thạnh Mỹ, TP Thủ Đức cũ","Phường Long Bình, Phường Long Thạnh Mỹ",106.833,10.8608
thành phố Hồ Chí Minh,Long Điền,xã,29,2237,48048,51.44,"120 Dương Bạch Mai, KP Long Phượng, TT Long Điền, huyện Long Đất, tỉnh Bà Rịa - Vũng Tàu cũ","Thị trấn Long Điền, Xã Tam An",107.224,10.4676
thành phố Hồ Chí Minh,Long Hải,xã,29,2265,109149,27.93,"Xã Phước Tỉnh, huyện Long Đất, tỉnh Bà Rịa - Vũng Tàu cũ","Thị trấn Long Hải, Xã Phước Tỉnh, Xã Phước Hưng",107.223,10.4107
thành phố Hồ Chí Minh,Long Hòa,xã,29,7,25215,166.756,"Tổ 9, ấp Long Điền, xã Long Hòa, huyện Dầu Tiếng, tỉnh Bình Dương cũ","Xã Long Tân, Xã Long Hòa (huyện Dầu Tiếng), Xã Minh Tân, Xã Minh Thạnh",106.507,11.3278
thành phố Hồ Chí Minh,Long Hương,phường,29,2224,31450,41.22,"Đường Trịnh Đình Thảo, tổ 9, khu phố Kim Sơn, phường Kim Dinh, TP Bà Rịa, tỉnh Bà Rịa - Vũng Tàu cũ","Xã Tân Hưng (thành phố Bà Rịa), Phường Kim Dinh, Phường Long Hương",107.15,10.5
thành phố Hồ Chí Minh,Long Nguyên,phường,29,13,53387,108.003,"Khu phố Kiến An, phường An Điền, TP Bến Cát, tỉnh Bình Dương cũ","Phường An Điền, Xã Long Nguyên, Phường Mỹ Phước",106.561,11.186
thành phố Hồ Chí Minh,Long Phước,phường,29,72,53092,34.29,"239 Khu phố Long Thuận, phường Long Phước, TP Thủ Đức cũ","Phường Trường Thạnh, Phường Long Phước",106.85,10.8068
thành phố Hồ Chí Minh,Long Sơn,xã,29,2245,17760,56.5,"Thôn 1, xã Long Sơn, TP Vũng Tàu, tỉnh Bà Rịa - Vũng Tàu cũ",Không sáp nhập,107.101,10.4522
thành phố Hồ Chí Minh,Long Trường,phường,29,73,73669,24.49,"1314 đường Nguyễn Duy Trinh, phường Long Trường, TP Thủ Đức cũ","Phường Phú Hữu, Phường Long Trường",106.812,10.7934
thành phố Hồ Chí Minh,Minh Phụng,phường,29,148,74459,1.27,"139B Thuận Kiều, quận 11 cũ","Phường 1, Phường 7, Phường 16 (Quận 11)",106.648,10.7559
thành phố Hồ Chí Minh,Minh Thạnh,xã,29,6,24215,159.059,"Tổ 3, ấp Hòa Cường, xã Minh Hòa, huyện Dầu Tiếng, tỉnh Bình Dương cũ","Xã Minh Hòa, Xã Minh Tân, Xã Minh Thạnh",106.471,11.4477
thành phố Hồ Chí Minh,Ngãi Giao,xã,29,2226,49065,69.3,"70 Trần Hưng Đạo, thị trấn Ngãi Giao, huyện Châu Đức, tỉnh Bà Rịa - Vũng Tàu cũ","Thị trấn Ngãi Giao, Xã Bình Ba, Xã Suối Nghệ",107.209,10.6161
thành phố Hồ Chí Minh,Nghĩa Thành,xã,29,2230,27819,65.67,"đường số 6, xã Nghĩa Thành, huyện Châu Đức, tỉnh Bà Rịa - Vũng Tàu cũ","Xã Đá Bạc, Xã Nghĩa Thành",107.275,10.5937
thành phố Hồ Chí Minh,Nhà Bè,xã,29,209,125832,37.1,"330 đường Nguyễn Bình, xã Phú Xuân, huyện Nhà Bè cũ","Thị trấn Nhà Bè, Xã Phú Xuân, Xã Phước Kiển, Xã Phước Lộc",106.699,10.7078
thành phố Hồ Chí Minh,Nhiêu Lộc,phường,29,135,88090,1.71,"82 Bà Huyện Thanh Quan, phường 9, quận 3 cũ","Phường 9, Phường 11, Phường 12, Phường 14 (Quận 3)",106.676,10.7855
thành phố Hồ Chí Minh,Nhuận Đức,xã,29,190,40239,62.05,"1A đường Bà Thiên Ấp Ngã 4, xã Nhuận Đức, huyện Củ Chi cũ","Xã Phạm Văn Cội, Xã Trung Lập Hạ, Xã Nhuận Đức",106.499,11.0321
thành phố Hồ Chí Minh,Phú An,phường,29,17,46931,35.192,"143 đường Nguyễn Đức Cảnh, khu phố 4, phường Hiệp An, TP Thủ Dầu Một, tỉnh Bình Dương cũ","Phường Tân An, Xã Phú An, Phường Hiệp An",106.579,11.0654
thành phố Hồ Chí Minh,Phú Định,phường,29,199,150389,5.85,"184 Lưu Hữu Phước, phường 15, quận 8 cũ","Phường 14, Phường 15 (Quận 8), Phường Xóm Củi, Phường 16 (Quận 8)",106.632,10.7262
thành phố Hồ Chí Minh,Phú Giáo,xã,29,18,42739,192.833," 02 đường Hùng Vương, khu phố 02, thị trấn Phước Vĩnh, huyện Phú Giáo, tỉnh Bình Dương cũ","Thị trấn Phước Vĩnh, Xã An Bình, Xã Tam Lập",106.82,11.3174
thành phố Hồ Chí Minh,Phú Hòa Đông,xã,29,191,97766,59.75,"269 tỉnh lộ 8, ấp 2A, xã Tân Thạnh Tây, huyện Củ Chi cũ ","Xã Tân Thạnh Tây, Xã Tân Thạnh Đông, Xã Phú Hòa Đông",106.598,10.9495
thành phố Hồ Chí Minh,Phú Lâm,phường,29,185,87513,2,"241/3 đường Tân Hòa Đông, phường 14, quận 6 cũ","Phường 12, Phường 13, Phường 14 (Quận 6)",106.63,10.7529
thành phố Hồ Chí Minh,Phú Lợi,phường,29,1,107721,17.956,"438 đường Phú Lợi, khu phố 8, phường Phú Hòa, TP Thủ Dầu Một, tỉnh Bình Dương cũ","Phường Phú Hòa, Phường Phú Lợi, Phường Hiệp Thành (thành phố Thủ Dầu Một)",106.676,10.9861
thành phố Hồ Chí Minh,Phú Mỹ,phường,29,2240,40513,65.56,"Quốc lộ 51, phường Phú Mỹ - TP Phú Mỹ, tỉnh Bà Rịa - Vũng Tàu cũ","Phường Phú Mỹ (thành phố Phú Mỹ), Phường Mỹ Xuân",107.046,10.6111
thành phố Hồ Chí Minh,Phú Nhuận,phường,29,130,68420,1.46,"159 Nguyễn Văn Trỗi, phường 11, quận Phú Nhuận cũ","Phường 8, Phường 10, Phường 11, Phường 13 (quận Phú Nhuận), Phường 15 (quận Phú Nhuận)",106.673,10.7943
thành phố Hồ Chí Minh,Phú Thạnh,phường,29,124,103780,2.98,"275 Nguyễn Sơn, phường Phú Thạnh, quận Tân Phú và UBND phường Hiệp Tân cũ (cơ sở 2)","Phường Hiệp Tân, Phường Phú Thạnh, Phường Tân Thới Hòa",106.627,10.7728
thành phố Hồ Chí Minh,Phú Thọ,phường,29,62,47094,1.37,"233 - 235 Lê Đại Hành, phường 11, quận 11 và 35-37 Bình Thới, phường 11, quận 11 cũ","Phường 11, Phường 15 (Quận 11), Phường 8 (Quận 11)",106.654,10.7675
thành phố Hồ Chí Minh,Phú Thọ Hòa,phường,29,123,140436,3.03,"146 Độc Lập, phường Tân Thành, quận Tân Phú cũ và UBND phường Phú Thọ Hòa cũ (cơ sở 2)","Phường Phú Thọ Hòa, Phường Tân Thành, Phường Tân Quý",106.628,10.7892
thành phố Hồ Chí Minh,Phú Thuận,phường,29,268,84089,10.55,"1203 Huỳnh Tấn Phát, khu phố 3, phường Phú Thuận, quận 7 cũ","Phường Phú Thuận, Phường Phú Mỹ (Quận 7)",106.747,10.7272
thành phố Hồ Chí Minh,Phước Hải,xã,29,2239,43615,70.44,"Xã Phước Hội, huyện Long Đất, tỉnh Bà Rịa - Vũng Tàu cũ","Thị trấn Phước Hải, Xã Phước Hội",107.298,10.4488
thành phố Hồ Chí Minh,Phước Hòa,xã,29,21,42470,128.067,"Tổ 3, ấp Trảng Sắn, xã Vĩnh Hoà, huyện Phú Giáo, tỉnh Bình Dương cũ","Xã Vĩnh Hòa, Xã Phước Hòa, Xã Tam Lập",106.773,11.2411
thành phố Hồ Chí Minh,Phước Long,phường,29,71,137331,9.23,"183 đường Đỗ Xuân Hợp, phường Phước Long B, TP Thủ Đức cũ","Phường Phước Bình, Phường Phước Long A, Phường Phước Long B",106.775,10.8179
thành phố Hồ Chí Minh,Phước Thắng,phường,29,2221,52580,47.35,"7A Nguyễn Gia Thiều, phường 12, TP Vũng Tàu, tỉnh Bà Rịa - Vũng Tàu cũ","Phường 11, Phường 12 (thành phố Vũng Tàu)",107.162,10.4235
thành phố Hồ Chí Minh,Phước Thành,xã,29,19,15803,123.494,"Tổ 4, ấp Sa Dụp, xã Phước Sang, huyện Phú Giáo, tỉnh Bình Dương cũ","Xã Tân Hiệp (huyện Phú Giáo), Xã An Thái, Xã Phước Sang",106.756,11.3742
thành phố Hồ Chí Minh,Rạch Dừa,phường,29,2220,76280,19.7,"219/28 Lưu Chí Hiếu, phường 10, TP Vũng Tàu, tỉnh Bà Rịa - Vũng Tàu cũ","Phường 10 (thành phố Vũng Tàu), Phường Thắng Nhất, Phường Rạch Dừa",107.109,10.3887
thành phố Hồ Chí Minh,Sài Gòn,phường,29,38,47022,3.04,"45 - 47 Lê Duẩn, phường Bến Nghé, quận 1 cũ","Phường Bến Nghé, Phường Đa Kao, Phường Nguyễn Thái Bình",106.704,10.7805
thành phố Hồ Chí Minh,Tam Bình,phường,29,50,153414,10.71,"707 Tỉnh lộ 43, khu phố 3, phường Tam Bình, TP Thủ Đức cũ","Phường Bình Chiểu, Phường Tam Phú, Phường Tam Bình",106.733,10.8727
thành phố Hồ Chí Minh,Tam Long,phường,29,2223,41130,34.7,"Xã Hòa Long, thành phố Bà Rịa, tỉnh Bà Rịa - Vũng Tàu cũ","Phường Long Tâm, Xã Hòa Long, Xã Long Phước",107.214,10.5267
thành phố Hồ Chí Minh,Tam Thắng,phường,29,2219,86420,11.76,"603 Nguyễn An Ninh, phường Nguyễn An Ninh, TP Vũng Tàu, tỉnh Bà Rịa - Vũng Tàu cũ","Phường 7, Phường 8, Phường 9 (thành phố Vũng Tàu), Phường Nguyễn An Ninh",107.096,10.3669
thành phố Hồ Chí Minh,Tân An Hội,xã,29,192,84342,53.5,"77 Tỉnh lộ 8, thị trấn Củ Chi, huyện Củ Chi cũ ","Thị trấn Củ Chi, Xã Phước Hiệp, Xã Tân An Hội",106.471,10.9633
thành phố Hồ Chí Minh,Tân Bình,phường,29,113,89373,2.12,"387A Trường Chinh, phường 14, quận Tân Bình cũ","Phường 13, Phường 14 (quận Tân Bình), Phường 15 (quận Tân Bình)",106.642,10.8006
thành phố Hồ Chí Minh,Tân Định,phường,29,37,48524,1.23," 58B Nguyễn Đình Chiểu, phường Đa Kao, quận 1 cũ","Phường Tân Định (Quận 1), Phường Đa Kao",106.693,10.7917
thành phố Hồ Chí Minh,Tân Đông Hiệp,phường,29,30,100243,21.446,"880 đường Nguyễn Thị Minh Khai, phường Tân Bình, tỉnh Bình Dương cũ","Phường Tân Bình, Phường Thái Hòa, Phường Tân Đông Hiệp",106.774,10.9304
thành phố Hồ Chí Minh,Tân Hải,phường,29,2241,30297,51.86,"Phường Tân Hải, TP Phú Mỹ, tỉnh Bà Rịa - Vũng Tàu cũ","Phường Tân Hòa, Phường Tân Hải",107.103,10.5118
thành phố Hồ Chí Minh,Tân Hiệp,phường,29,27,142494,47.059,"Đường Nguyễn Khuyến, khu phố Tân Bình, phường Tân Hiệp, TP Tân Uyên, tỉnh Bình Dương cũ","Phường Khánh Bình, Phường Tân Hiệp",106.747,11.0567
thành phố Hồ Chí Minh,Tân Hòa,phường,29,114,93437,1.47,"356 Bắc Hải, phường 6, quận Tân Bình cũ","Phường 6, Phường 8, Phường 9 (quận Tân Bình)",106.655,10.7809
thành phố Hồ Chí Minh,Tân Hưng,phường,29,267,153674,8.54,"9 đường 2A phường Tân Hưng, quận 7 cũ","Phường Tân Phong, Phường Tân Quy, Phường Tân Kiểng, Phường Tân Hưng",106.705,10.7372
thành phố Hồ Chí Minh,Tân Khánh,phường,29,23,126393,38.273,"Đường Lý Tự trọng, khu phố Khánh Hòa, phường Tân Phước Khánh, TP Tân Uyên, tỉnh Bình Dương cũ","Phường Thạnh Phước, Phường Tân Phước Khánh, Phường Tân Vĩnh Hiệp, Xã Thạnh Hội, Phường Thái Hòa",106.726,11.0122
thành phố Hồ Chí Minh,Tân Mỹ,phường,29,186,68124,6.45,"7 Tân Phú, phường Tân Phú, quận 7 cũ","Phường Tân Phú (Quận 7), Phường Phú Mỹ (Quận 7)",106.731,10.715
thành phố Hồ Chí Minh,Tân Nhựt,xã,29,202,115387,43.67,"79 đường Tân Túc, thị trấn Tân Túc, huyện Bình Chánh cũ","Thị trấn Tân Túc, Xã Tân Nhựt, Phường Tân Tạo A, Xã Tân Kiên, Phường 16 (Quận 8)",106.565,10.707
thành phố Hồ Chí Minh,Tân Phú,phường,29,127,93117,2.52,"70A Thoại Ngọc Hầu, phường Hòa Thạnh, quận Tân Phú cũ ","Phường Phú Trung, Phường Hòa Thạnh, Phường Tân Thới Hòa, Phường Tân Thành",106.638,10.7751
thành phố Hồ Chí Minh,Tân Phước,phường,29,2242,29363,83.62,"Đường Độc Lập, khu phố Tân Lộc, phường Phước Hòa, thị xã Phú Mỹ, tỉnh Bà Rịa - Vũng Tàu cũ","Phường Phước Hòa, Phường Tân Phước",107.056,10.5329
thành phố Hồ Chí Minh,Tân Sơn,phường,29,115,77229,10.12,"822 Trường Chinh, phường 15, quận Tân Bình cũ",Phường 15 (quận Tân Bình),106.65,10.8224
thành phố Hồ Chí Minh,Tân Sơn Hòa,phường,29,98,64150,2.62,"291 Lê Văn Sỹ, phường 1, quận Tân Bình cũ","Phường 1, Phường 2, Phường 3 (quận Tân Bình)",106.666,10.806
thành phố Hồ Chí Minh,Tân Sơn Nhất,phường,29,101,84639,3.19,"25/4-6 Hoàng Việt, phường 4, quận Tân Bình cũ","Phường 4, Phường 5, Phường 7 (quận Tân Bình)",106.658,10.8007
thành phố Hồ Chí Minh,Tân Sơn Nhì,phường,29,116,117277,3.49,"48 Tân Quý, phường Tân Quý, quận Tân Phú  cũ và UBND phường Tân Sơn Nhì cũ (cơ sở 2)","Phường Tân Sơn Nhì, Phường Sơn Kỳ, Phường Tân Quý, Phường Tân Thành",106.624,10.8009
thành phố Hồ Chí Minh,Tân Tạo,phường,29,244,113363,14.7,"1409 Tỉnh lộ 10, phường Tân Tạo A, quận Bình Tân cũ","Xã Tân Kiên, Phường Tân Tạo A, Phường Tân Tạo",106.584,10.7448
thành phố Hồ Chí Minh,Tân Thành,phường,29,2243,33943,61.63,"Phường Hắc Dịch, TP Phú Mỹ, tỉnh Bà Rịa - Vũng Tàu cũ","Phường Hắc Dịch, Xã Sông Xoài",107.133,10.6558
thành phố Hồ Chí Minh,Tân Thới Hiệp,phường,29,45,168060,8.06,"Trụ sở UBND phường Tân Thới Hiệp, quận 12 cũ","Phường Hiệp Thành (Quận 12), Phường Tân Thới Hiệp",106.64,10.8746
thành phố Hồ Chí Minh,Tân Thuận,phường,29,254,148090,10.16,"342 Huỳnh Tấn Phát, quận 7 cũ","Phường Bình Thuận, Phường Tân Thuận Đông, Phường Tân Thuận Tây",106.735,10.7553
thành phố Hồ Chí Minh,Tân Uyên,phường,29,22,73032,87.607,"ĐT 747, khu phố 1, phường Uyên Hưng, TP Tân Uyên, tỉnh Bình Dương cũ","Phường Uyên Hưng, Xã Bạch Đằng, Xã Tân Lập, Xã Tân Mỹ",106.808,11.0928
thành phố Hồ Chí Minh,Tân Vĩnh Lộc,xã,29,204,164278,34.02,"2206 đường Trần Văn Giàu, ấp 8 xã Phạm Văn Hai, huyện Bình Chánh cũ và 1304 đường Vĩnh Lộc, xã Vĩnh Lộc B, huyện Bình Chánh cũ","Xã Vĩnh Lộc B, Xã Phạm Văn Hai, Phường Tân Tạo",106.547,10.788
thành phố Hồ Chí Minh,Tăng Nhơn Phú,phường,29,66,208233,16.5,"29 Lê Văn Việt, phường Tăng Nhơn Phú A, TP Thủ Đức cũ","Phường Tân Phú (thành phố Thủ Đức), Phường Hiệp Phú, Phường Tăng Nhơn Phú A, Phường Tăng Nhơn Phú B, Phường Long Thạnh Mỹ",106.797,10.8424
thành phố Hồ Chí Minh,Tây Nam,phường,29,8,56784,119.796,"Khu phố Lồ ồ, phường An Tây, TP Bến Cát, tỉnh Bình Dương cũ","Phường An Tây, Xã Thanh Tuyền, Xã An Lập",106.501,11.178
thành phố Hồ Chí Minh,Tây Thạnh,phường,29,117,72616,4,"200/12 Nguyễn Hữu Tiến, phường Tây Thạnh, quận Tân Phú cũ và Nhà Văn hóa Lao động (cơ sở 2)","Phường Tây Thạnh, Phường Sơn Kỳ",106.623,10.8134
thành phố Hồ Chí Minh,Thái Mỹ,xã,29,194,49862,62.44,"712 đường Phan Văn Khải, ấp Phước Hưng, xã Phước Thạnh, huyện Củ Chi cũ","Xã Trung Lập Thượng, Xã Phước Thạnh, Xã Thái Mỹ",106.407,10.9898
thành phố Hồ Chí Minh,Thanh An,xã,29,9,25324,136.717,"Tổ 1, ấp Cần Giăng, xã Thanh An, huyện Dầu Tiếng, tỉnh Bình Dương cũ","Xã Thanh An, Xã Định Hiệp, Xã Thanh Tuyền, Xã An Lập",106.437,11.2428
thành phố Hồ Chí Minh,Thạnh An,xã,29,216,5180,131.31,"Trụ sở UBND xã Thạnh An cũ, tọa lạc ấp Thạnh Bình, huyện Cần Giờ cũ",Không sáp nhập,106.975,10.5464
thành phố Hồ Chí Minh,Thạnh Mỹ Tây,phường,29,94,153217,4.4,"85/16 Phạm Viết Chánh, 85/8 Phạm Viết Chánh và 5 Phạm Viết Chánh, quận Bình Thạnh cũ","Phường 19, Phường 22, Phường 25",106.718,10.7981
thành phố Hồ Chí Minh,Thới An,phường,29,43,125657,14.89,"Trụ sở UBND phường Thới An, quận 12 cũ","Phường Thạnh Xuân, Phường Thới An",106.666,10.8791
thành phố Hồ Chí Minh,Thới Hòa,phường,29,15,79601,37.93,"Khu phố 3A, phường Thới Hoà, TP Bến Cát, tỉnh Bình Dương cũ",Không sáp nhập,106.62,11.1021
thành phố Hồ Chí Minh,Thông Tây Hội,phường,29,91,121192,3.24,"175 Nguyễn văn Khối, phường 8, quận Gò Vấp cũ","Phường 8, Phường 11 (quận Gò Vấp)",106.655,10.8417
thành phố Hồ Chí Minh,Thủ Dầu Một,phường,29,2,88132,15.682,"1 đường Quang Trung, khu phố 6, phường Phú Cường, TP Thủ Dầu Một, tỉnh Bình Dương cũ","Phường Phú Cường, Phường Phú Thọ, Phường Chánh Nghĩa, Phường Hiệp Thành (thành phố Thủ Dầu Một), Phường Chánh Mỹ",106.659,10.9701
thành phố Hồ Chí Minh,Thủ Đức,phường,29,61,118952,8.81,"2 Nguyễn Công Trứ, phường Bình Thọ, TP Thủ Đức cũ","Phường Bình Thọ, Phường Linh Chiểu, Phường Trường Thọ, Phường Linh Tây, Phường Linh Đông",106.758,10.8399
thành phố Hồ Chí Minh,Thuận An,phường,29,32,64689,16.108,"289 đường Hưng Định 31, khu phố Hưng Thọ, phường Hưng Định, TP Thuận An, tỉnh Bình Dương cũ","Phường Hưng Định, Phường An Thạnh, Xã An Sơn",106.679,10.9418
thành phố Hồ Chí Minh,Thuận Giao,phường,29,34,150781,16.805,"743, đường Thủ Khoa Huân, phường Bình Chuẩn, TP Thuận An, tỉnh Bình Dương cũ","Phường Thuận Giao, Phường Bình Chuẩn",106.712,10.9635
thành phố Hồ Chí Minh,Thường Tân,xã,29,28,21238,127.763,"Ấp 4, xã ã Lạc An, huyện Bắc Tân Uyên, tỉnh Bình Dương cũ","Xã Lạc An, Xã Hiếu Liêm, Xã Thường Tân, Xã Tân Mỹ",106.911,11.0962
thành phố Hồ Chí Minh,Trừ Văn Thố,xã,29,11,24533,76.556,"Ấp ông Thanh, xã Cây Trường, huyện Bàu Bàng cũ","Xã Trừ Văn Thố, Xã Cây Trường II, Thị trấn Lai Uyên",106.594,11.3575
thành phố Hồ Chí Minh,Trung Mỹ Tây,phường,29,47,126470,6.92,"Trụ sở UBND phường Trung Mỹ Tây, quận 12 cũ","Phường Tân Chánh Hiệp, Phường Trung Mỹ Tây",106.622,10.8601
thành phố Hồ Chí Minh,Vĩnh Hội,phường,29,166,63015,1.17,"183 Tôn Thất Thuyết, phường 4 cũ","Phường 1, Phường 3 (Quận 4), Phường 2, Phường 4 (Quận 4)",106.696,10.7553
thành phố Hồ Chí Minh,Vĩnh Lộc,xã,29,203,167042,30.58,"F7/16, đường Vĩnh Lộc, ấp 67 xã Vĩnh Lộc A, huyện Bình Chánh cũ","Xã Vĩnh Lộc A, Xã Phạm Văn Hai",106.555,10.8233
thành phố Hồ Chí Minh,Vĩnh Tân,phường,29,26,61865,61.346,"ĐT 742, khu phố 4, phường Vĩnh Tân, TP Tân Uyên, tỉnh Bình Dương cũ","Phường Vĩnh Tân, Thị trấn Tân Bình",106.7,11.1457
thành phố Hồ Chí Minh,Vũng Tàu,phường,29,2218,117400,16.86,"87-89 Lý Thường Kiệt, phường 1, TP Vũng Tàu, tỉnh Bà Rịa - Vũng Tàu cũ","Phường 1, Phường 2, Phường 3, Phường 4, Phường 5 (thành phố Vũng Tàu), Phường Thắng Nhì, Phường Thắng Tam",107.076,10.3565
thành phố Hồ Chí Minh,Vườn Lài,phường,29,99,104076,1.27,"168 (số cũ 66) Hùng Vương, phường 2, quận 10 cũ","Phường 1, Phường 2, Phường 4, Phường 9, Phường 10 (Quận 10)",106.675,10.7644
thành phố Hồ Chí Minh,Xóm Chiếu,phường,29,156,57875,1.94,"18 Đoàn Như Hài, phường 13, quận 4 cũ","Phường 13, Phường 16, Phường 18, Phường 15 (Quận 4)",106.717,10.757
thành phố Hồ Chí Minh,Xuân Hòa,phường,29,140,48464,2.22,"99 - 99A Trần Quốc Thảo, phường Võ Thị Sáu, quận 3 cũ","Phường Võ Thị Sáu, Phường 4 (Quận 3)",106.69,10.7818
thành phố Hồ Chí Minh,Xuân Sơn,xã,29,2227,27368,73.81,"Tổ 10, thôn Xuân Tân, xã Xuân Sơn, huyện Châu Đức, tỉnh Bà Rịa - Vũng Tàu cũ","Xã Suối Rao, Xã Sơn Bình, Xã Xuân Sơn",107.331,10.6185
thành phố Hồ Chí Minh,Xuân Thới Sơn,xã,29,200,103643,35.21,Trụ sở Đảng ủy - HĐND - UBND xã Xuân Thới Sơn cũ,"Xã Tân Thới Nhì, Xã Xuân Thới Đông, Xã Xuân Thới Sơn",106.557,10.89
thành phố Hồ Chí Minh,Xuyên Mộc,xã,29,2232,26917,102.96,"Quốc lộ 55, ấp Trang Hoàng, xã Bông Trang, huyện Xuyên Mộc, tỉnh Bà Rịa - Vũng Tàu cũ","Xã Bông Trang, Xã Bưng Riềng, Xã Xuyên Mộc",107.466,10.549
