tentinh,tenxa,loai,matinh,maxa,danso,dientich_km2,trungtam_hc,truoc_sapnhap,kinhdo,vido
tỉnh Lâm Đồng,1 Bảo Lộc,phường,26,1081,55845,51.46,đang cập nhật,"Phường 1 (thành phố Bảo Lộc), Phường Lộc Phát, Xã Lộc Thanh",107.844,11.5733
tỉnh Lâm Đồng,2 Bảo Lộc,phường,26,1083,49564,176.72,đang cập nhật,"Phường 2 (thành phố Bảo Lộc), Xã Lộc Tân, Xã ĐamBri",107.724,11.5951
tỉnh Lâm Đồng,3 Bảo Lộc,phường,26,1082,54445,108.98,đang cập nhật,"Phường Lộc Tiến, Xã Lộc Châu, Xã Đại Lào",107.758,11.4975
tỉnh Lâm Đồng,B’Lao,phường,26,1084,đang cập nhật,33.7679,UBND phường Lộc Sơn và UBND phường B’Lao,"Phường Lộc Sơn, Phường B’Lao, Xã Lộc Nga",107.859,11.5247
tỉnh Lâm Đồng,Bắc Bình,xã,26,3091,51344,148.99,Thị trấn Chợ Lầu,"Thị trấn Chợ Lầu, Xã Phan Hòa, Xã Phan Hiệp, Xã Phan Rí Thành",108.541,11.2309
tỉnh Lâm Đồng,Bắc Gia Nghĩa,phường,26,2826,3776,250.55,đang cập nhật,"Phường Quảng Thành, Phường Nghĩa Thành, Phường Nghĩa Đức, Xã Đắk Ha",107.767,12.0523
tỉnh Lâm Đồng,Bắc Ruộng,xã,26,3106,18949,165.33,Xã Bắc Ruộng,"Xã Măng Tố, Xã Bắc Ruộng",107.743,11.2741
tỉnh Lâm Đồng,Bảo Lâm 1,xã,26,1085,44151,204.43,"Huyện ủy, UBND huyện Bảo Lâm","Thị trấn Lộc Thắng, Xã Lộc Quảng, Xã Lộc Ngãi",107.85,11.6627
tỉnh Lâm Đồng,Bảo Lâm 2,xã,26,1288,33092,114,UBND xã Lộc An,"Xã Lộc An, Xã Lộc Đức, Xã Tân Lạc",107.9,11.5592
tỉnh Lâm Đồng,Bảo Lâm 3,xã,26,1282,32917,152.13,UBND xã Lộc Nam,"Xã Lộc Thành, Xã Lộc Nam",107.836,11.4239
tỉnh Lâm Đồng,Bảo Lâm 4,xã,26,1281,10073,343.35,UBND xã Lộc Phú,"Xã Lộc Phú, Xã Lộc Lâm, Xã B’Lá",107.819,11.7873
tỉnh Lâm Đồng,Bảo Lâm 5,xã,26,1280,11596,511.88,UBND xã Lộc Bảo,"Xã Lộc Bảo, Xã Lộc Bắc",107.643,11.7751
tỉnh Lâm Đồng,Bảo Thuận,xã,26,440,29557,300.3,UBND xã Đinh Lạc,"Xã Đinh Lạc, Xã Tân Nghĩa, Xã Bảo Thuận",108.14,11.4907
tỉnh Lâm Đồng,Bình Thuận,phường,26,3083,47858,45.16,Xã Phong Nẫm,"Phường Phú Tài, Xã Phong Nẫm, Xã Hàm Hiệp",108.054,10.9639
tỉnh Lâm Đồng,Cam Ly - Đà Lạt,phường,26,182,48919,80.92,"UBND phường 6, 29 Thi Sách","Phường 5, Phường 6, Xã Tà Nung",108.369,11.9331
tỉnh Lâm Đồng,Cát Tiên,xã,26,1062,19735,78.13,UBND huyện Cát Tiên,"Thị trấn Cát Tiên, Xã Nam Ninh, Xã Quảng Ngãi",107.397,11.596
tỉnh Lâm Đồng,Cát Tiên 2,xã,26,1063,15042,177.26,UBND thị trấn Phước Cát,"Thị trấn Phước Cát, Xã Phước Cát 2, Xã Đức Phổ",107.33,11.6699
tỉnh Lâm Đồng,Cát Tiên 3,xã,26,1080,10591,171.31,UBND xã Tiên Hoàng,"Xã Gia Viễn, Xã Tiên Hoàng, Xã Đồng Nai Thượng",107.426,11.703
tỉnh Lâm Đồng,Cư Jút,xã,26,2858,49614,104.11,Thị trấn Ea Tling,"Thị trấn Ea T’ling, Xã Trúc Sơn, Xã Tâm Thắng, Xã Cư K’nia",107.85,12.5898
tỉnh Lâm Đồng,D’Ran,xã,26,279,33517,240.89,UBND xã Lạc Xuân,"Thị trấn D’Ran, Xã Lạc Xuân",108.572,11.8051
tỉnh Lâm Đồng,Đạ Huoai,xã,26,1289,23117,113.96,UBND huyện Đạ Huoai,"Thị trấn Mađaguôi, Xã Mađaguôi, Xã Đạ Oai",107.536,11.4294
tỉnh Lâm Đồng,Đạ Huoai 2,xã,26,1283,14929,249.57,UBND thị trấn Đạ M'Ri,"Thị trấn Đạ M’ri, Xã Hà Lâm",107.645,11.4586
tỉnh Lâm Đồng,Đạ Huoai 3,xã,26,1290,6571,131.51,UBND xã Bà Gia,xã Bà Gia,107.704,11.3776
tỉnh Lâm Đồng,Đạ Tẻh,xã,26,1061,30725,145.85,UBND huyện Đạ Huoai,"Thị trấn Đạ Tẻh, Xã An Nhơn, Xã Đạ Lây",107.426,11.5589
tỉnh Lâm Đồng,Đạ Tẻh 2,xã,26,1285,1459,186.07,UBND xã Quảng Trị,"Xã Quảng Trị, Xã Đạ Pal, Xã Đạ Kho",107.551,11.5209
tỉnh Lâm Đồng,Đạ Tẻh 3,xã,26,1284,11678,194.82,UBND xã Mỹ Đức,"Xã Mỹ Đức, Xã Quốc Oai",107.544,11.6213
tỉnh Lâm Đồng,Đắk Mil,xã,26,2820,31579,213.76,Xã Đắk R'la,"Xã Đắk Gằn, Xã Đắk N’Drót, Xã Đắk R’La",107.752,12.5418
tỉnh Lâm Đồng,Đắk Sắk,xã,26,2821,28058,99,Xã Long Sơn,"Xã Nam Xuân, Xã Long Sơn, Xã Đắk Sắk",107.735,12.4476
tỉnh Lâm Đồng,Đắk Song,xã,26,2849,đang cập nhật,193.208,Xã Đắk Môl,"Xã Đắk Môl, Xã Đắk Hòa",107.687,12.3222
tỉnh Lâm Đồng,Đắk Wil,xã,26,2814,24344,515.16,Xã Ea Pô,"Xã Ea Pô, Xã Đắk Wil",107.727,12.722
tỉnh Lâm Đồng,Đam Rông 1,xã,26,277,17265,172.55,UBND xã Phi Liêng,"Xã Phi Liêng, Xã Đạ K’Nàng",108.117,11.9391
tỉnh Lâm Đồng,Đam Rông 2,xã,26,122,16253,365.58,Trung tâm hành chính huyện Đam Rông,"Xã Rô Men, Xã Liêng Srônh",108.109,12.0533
tỉnh Lâm Đồng,Đam Rông 3,xã,26,146,15841,139.38,UBND xã Đạ Rsal,"Xã Đạ Rsal, Xã Đạ M’Rông",108.178,12.1616
tỉnh Lâm Đồng,Đam Rông 4,xã,26,145,17184,391.25,UBND xã Đạ Tông,"Xã Đạ Tông, Xã Đạ Long, Xã Đưng K’Nớ",108.367,12.1741
tỉnh Lâm Đồng,Di Linh,xã,26,144,64179,268.28,HĐND và UBND huyện Di Linh,"Thị trấn Di Linh, Xã Liên Đầm, Xã Tân Châu, Xã Gung Ré",108.046,11.5354
tỉnh Lâm Đồng,Đinh Trang Thượng,xã,26,443,20568,203.77,UBND xã Tân Lâm,"Xã Tân Lâm, Xã Tân Thượng, Xã Đinh Trang Thượng",107.984,11.7091
tỉnh Lâm Đồng,Đinh Văn Lâm Hà,xã,26,274,đang cập nhật,90.1789,"Trụ sở huyện ủy, UBND huyện Lâm Hà","Xã Bình Thạnh (huyện Đức Trọng), Xã Tân Văn, Thị trấn Đinh Văn",108.25,11.7769
tỉnh Lâm Đồng,Đơn Dương,xã,26,288,4516,127.81,UBND huyện Đơn Dương,"Thị trấn Thạnh Mỹ, Xã Đạ Ròn, Xã Tu Tra",108.453,11.7306
tỉnh Lâm Đồng,Đông Gia Nghĩa,phường,26,2828,24199,105.78,Phường Nghĩa Trung,"Phường Nghĩa Trung, Xã Đắk Nia",107.718,11.9548
tỉnh Lâm Đồng,Đông Giang,xã,26,3078,5131,205.23,Xã Đông Giang,"Xã Đông Tiến, Xã Đông Giang",108.01,11.2615
tỉnh Lâm Đồng,Đồng Kho,xã,26,3108,30885,268.72,Xã Đồng Kho,"Xã Huy Khiêm, Xã La Ngâu, Xã Đức Bình, Xã Đồng Kho",107.769,11.1685
tỉnh Lâm Đồng,Đức An,xã,26,2848,33178,161.02,Thị trấn Đức An,"Thị trấn Đức An, Xã Đắk N’Drung, Xã Nam Bình",107.606,12.2813
tỉnh Lâm Đồng,Đức Lập,xã,26,2818,31722,59.41,Thị trấn Đắk Mil,"Thị trấn Đắk Mil, Xã Đức Mạnh, Xã Đức Minh",107.627,12.4162
tỉnh Lâm Đồng,Đức Linh,xã,26,3110,51099,103.27,Thị trấn Võ Xu,"Thị trấn Võ Xu, Xã Nam Chính, Xã Vũ Hòa",107.552,11.1834
tỉnh Lâm Đồng,Đức Trọng,xã,26,344,85163,148.78,UBND huyện Đức Trọng,"Thị trấn Liên Nghĩa, Xã Phú Hội",108.361,11.6788
tỉnh Lâm Đồng,Gia Hiệp,xã,26,441,21462,324.43,UBND xã Tam Bố,"Xã Tam Bố, Xã Gia Hiệp",108.217,11.5038
tỉnh Lâm Đồng,Hải Ninh,xã,26,3093,19422,289.99,Xã Hải Ninh,"Xã Bình An, Xã Phan Điền, Xã Hải Ninh",108.492,11.3055
tỉnh Lâm Đồng,Hàm Kiệm,xã,26,3103,31445,162.09,Xã Hàm Kiệm,"Xã Mương Mán, Xã Hàm Cường, Xã Hàm Kiệm",107.964,10.9121
tỉnh Lâm Đồng,Hàm Liêm,xã,26,3099,31253,113.81,Xã Hàm Liêm,"Xã Hàm Chính, Xã Hàm Liêm",108.08,11.02
tỉnh Lâm Đồng,Hàm Tân,xã,26,3117,35209,198.46,Thị trấn Tân Nghĩa,"Xã Tân Hà (huyện Hàm Tân), Xã Tân Xuân, Thị trấn Tân Nghĩa",107.689,10.7632
tỉnh Lâm Đồng,Hàm Thắng,phường,26,3085,54544,44.9,Phường Xuân An,"Phường Xuân An, Thị trấn Phú Long, Xã Hàm Thắng",108.147,10.9713
tỉnh Lâm Đồng,Hàm Thạnh,xã,26,3102,16306,440.7,Xã Hàm Thạnh,"Xã Mỹ Thạnh, Xã Hàm Cần, Xã Hàm Thạnh",107.892,11.0556
tỉnh Lâm Đồng,Hàm Thuận,xã,26,3079,5068,198.36,Thị trấn Ma Lâm,"Thị trấn Ma Lâm, Xã Thuận Minh, Xã Hàm Đức",107.997,11.1128
tỉnh Lâm Đồng,Hàm Thuận Bắc,xã,26,3175,29855,292.7,Xã Hàm Trí,"Xã Thuận Hòa, Xã Hàm Trí, Xã Hàm Phú",108.102,11.1748
tỉnh Lâm Đồng,Hàm Thuận Nam,xã,26,3101,32771,111.82,Thị trấn Thuận Nam,"Thị trấn Thuận Nam, Xã Hàm Minh",107.909,10.8473
tỉnh Lâm Đồng,Hiệp Thạnh,xã,26,345,5131,127.19,UBND xã Hiệp Thạnh,"Xã Hiệp An, Xã Liên Hiệp, Xã Hiệp Thạnh",108.42,11.8075
tỉnh Lâm Đồng,Hòa Bắc,xã,26,1287,19979,159.35,UBND xã Hòa Nam,"Xã Hòa Nam, Xã Hòa Bắc",107.944,11.4303
tỉnh Lâm Đồng,Hòa Ninh,xã,26,1286,31904,95.17,UBND xã Hòa Ninh,"Xã Đinh Trang Hòa, Xã Hòa Trung, Xã Hòa Ninh",107.954,11.5437
tỉnh Lâm Đồng,Hòa Thắng,xã,26,3097,11558,328.09,Xã Hòa Thắng,"Xã Hồng Phong, Xã Hòa Thắng",108.371,11.0865
tỉnh Lâm Đồng,Hoài Đức,xã,26,3112,47509,105.04,Thị trấn Đức Tài,"Thị trấn Đức Tài, Xã Đức Tín, Xã Đức Hạnh",107.497,11.1446
tỉnh Lâm Đồng,Hồng Sơn,xã,26,3098,29875,189.01,Xã Hồng Sơn,"Xã Hồng Liêm, Xã Hồng Sơn",108.228,11.1181
tỉnh Lâm Đồng,Hồng Thái,xã,26,3096,25049,101.64,Xã Hồng Thái,"Xã Phan Thanh, Xã Hồng Thái, Xã Hòa Thắng",108.445,11.1977
tỉnh Lâm Đồng,Ka Đô,xã,26,342,27954,108.08,UBND xã Ka Đô,"Xã Lạc Lâm, Xã Ka Đô",108.593,11.7266
tỉnh Lâm Đồng,Kiến Đức,xã,26,2783,38928,167.63,Thị trấn Kiến Đức,"Thị trấn Kiến Đức, Xã Đạo Nghĩa, Xã Nghĩa Thắng, Xã Kiến Thành",107.541,11.9042
tỉnh Lâm Đồng,Krông Nô,xã,26,2823,22636,159.82,Thị trấn Đắk Mâm,"Xã Tân Thành (huyện Krông Nô), Xã Đắk Drô, Thị trấn Đắk Mâm",107.827,12.4378
tỉnh Lâm Đồng,La Dạ,xã,26,3100,9435,264.17,Xã La Dạ,"Xã Đa Mi, Xã La Dạ",107.888,11.2751
tỉnh Lâm Đồng,La Gi,phường,26,3116,60549,68.47,Phường Tân An,"Phường Tân An, Phường Bình Tân, Phường Tân Thiện, Xã Tân Bình",107.77,10.7177
tỉnh Lâm Đồng,Lạc Dương,xã,26,184,14912,828.01,Trường THCS - THPT Đạ Nhim,"Xã Đạ Sar, Xã Đạ Nhim, Xã Đạ Chais",108.596,12.1288
tỉnh Lâm Đồng,Lâm Viên - Đà Lạt,phường,26,180,71369,35.03,"UBND phường 9, đường - 09 đường Quang Trung","Phường 8, Phường 9, Phường 12",108.466,11.9746
tỉnh Lâm Đồng,Lang Biang - Đà Lạt,phường,26,177,đang cập nhật,323.739,"Trụ sở huyện ủy, HĐND và UBND huyện Lạc Dương","Phường 7, Thị trấn Lạc Dương, Xã Lát",108.402,12.0564
tỉnh Lâm Đồng,Liên Hương,xã,26,3087,70737,128.23,đang cập nhật,"Thị trấn Liên Hương, Xã Bình Thạnh (huyện Tuy Phong), Xã Phước Thể, Xã Phú Lạc",108.699,11.2607
tỉnh Lâm Đồng,Lương Sơn,xã,26,3095,23912,159.21,Thị trấn Lương Sơn,"Thị trấn Lương Sơn, Xã Sông Bình",108.35,11.2581
tỉnh Lâm Đồng,Mũi Né,phường,26,3081,50166,118.59,Phường Hàm Tiến,"Phường Hàm Tiến, Phường Mũi Né, Xã Thiện Nghiệp",108.263,10.9792
tỉnh Lâm Đồng,Nam Ban Lâm Hà,xã,26,273,đang cập nhật,117.926,UBND thị trấn Nam Ban,"Thị trấn Nam Ban, Xã Đông Thanh, Xã Mê Linh, Xã Gia Lâm",108.35,11.8518
tỉnh Lâm Đồng,Nam Đà,xã,26,2824,2152,132.69,Xã Nam Đà,"Xã Buôn Choáh, Xã Đắk Sôr, Xã Nam Đà",107.914,12.4909
tỉnh Lâm Đồng,Nam Dong,xã,26,2815,35701,104.04,Xã Nam Dong,"Xã Đắk D’rông, Xã Nam Dong",107.828,12.6442
tỉnh Lâm Đồng,Nam Gia Nghĩa,phường,26,2827,2365,80.58,Phường Nghĩa Tân,"Phường Nghĩa Phú, Phường Nghĩa Tân, Xã Đắk R’Moan",107.632,12.0199
tỉnh Lâm Đồng,Nam Hà Lâm Hà,xã,26,276,đang cập nhật,100.366,UBND Phi Tô,"Xã Nam Hà, Xã Phi Tô",108.275,11.8846
tỉnh Lâm Đồng,Nâm Nung,xã,26,2847,19655,219.66,Xã Nâm Nung,"Xã Nâm N’Đir, Xã Nâm Nung",107.828,12.3442
tỉnh Lâm Đồng,Nam Thành,xã,26,3111,37497,201.78,Xã Sùng Nhơn,"Xã Mê Pu, Xã Sùng Nhơn, Xã Đa Kai",107.589,11.2889
tỉnh Lâm Đồng,Nghị Đức,xã,26,3107,20737,114.97,Xã Nghị Đức,"Xã Đức Phú, Xã Nghị Đức",107.682,11.2726
tỉnh Lâm Đồng,Nhân Cơ,xã,26,2829,27898,158.05,Xã Nhân Cơ,"Xã Nhân Đạo, Xã Đắk Wer, Xã Nhân Cơ",107.597,11.954
tỉnh Lâm Đồng,Ninh Gia,xã,26,347,16311,143.83,UBND xã Ninh Gia,Không sáp nhập,108.27,11.6107
tỉnh Lâm Đồng,Phan Rí Cửa,xã,26,3088,86813,67.67,Thị trấn Phan Ría Cửa,"Thị trấn Phan Rí Cửa, Xã Chí Công, Xã Hòa Minh, Xã Phong Phú",108.592,11.2002
tỉnh Lâm Đồng,Phan Sơn,xã,26,3092,7428,584.52,Xã Phan Sơn,"Xã Phan Lâm, Xã Phan Sơn",108.397,11.4297
tỉnh Lâm Đồng,Phan Thiết,phường,26,3084,85493,4.46,Phường Lạc Đạo,"Phường Phú Trinh, Phường Lạc Đạo, Phường Bình Hưng",108.097,10.9279
tỉnh Lâm Đồng,Phú Quý,đặc khu,26,3311,đang cập nhật,17.4,Xã Ngũ Phụng,"Xã Long Hải, Xã Ngũ Phụng, Xã Tam Thanh",108.944,10.5289
tỉnh Lâm Đồng,Phú Sơn Lâm Hà,xã,26,275,đang cập nhật,240.61,UBND xã Đạ Đờn,"Xã Phú Sơn, Xã Đạ Đờn",108.194,11.8906
tỉnh Lâm Đồng,Phú Thủy,phường,26,3082,đang cập nhật,17.3435,Phường Phú Thủy,"Phường Thanh Hải, Phường Phú Hài, Phường Phú Thủy",108.168,10.9422
tỉnh Lâm Đồng,Phúc Thọ Lâm Hà,xã,26,143,đang cập nhật,231.137,UBND xã Tân Thanh,"Xã Phúc Thọ, Xã Tân Thanh",108.082,11.7837
tỉnh Lâm Đồng,Phước Hội,phường,26,3115,4948,38.09,Phường Phước Hội,"Phường Phước Lộc, Phường Phước Hội, Xã Tân Phước",107.731,10.6677
tỉnh Lâm Đồng,Quảng Hòa,xã,26,2785,8594,85.44,Xã Quảng Hòa,Không sáp nhập,108.053,12.1654
tỉnh Lâm Đồng,Quảng Khê,xã,26,2831,17825,224.29,Xã Quảng Khê,"Xã Đắk Plao, Xã Quảng Khê",107.828,11.9239
tỉnh Lâm Đồng,Quảng Lập,xã,26,343,24898,135.08,UBND xã Quảng Lập,"Xã Ka Đơn, Xã Quảng Lập",108.518,11.7111
tỉnh Lâm Đồng,Quảng Phú,xã,26,2825,17573,263.58,Xã Quảng Phú,"Xã Đức Xuyên, Xã Đắk Nang, Xã Quảng Phú",107.949,12.2903
tỉnh Lâm Đồng,Quảng Sơn,xã,26,2784,22018,454.22,Quảng Sơn,Không sáp nhập,107.874,12.1706
tỉnh Lâm Đồng,Quảng Tân,xã,26,2857,31185,294.18,Xã Quảng Tân,"Xã Đắk Ngo, Xã Quảng Tân",107.385,12.0368
tỉnh Lâm Đồng,Quảng Tín,xã,26,2856,34591,310.17,Xã Đắk Sin,"Xã Đắk Sin, Xã Hưng Bình, Xã Đắk Ru, Xã Quảng Tín",107.461,11.8706
tỉnh Lâm Đồng,Quảng Trực,xã,26,2854,11168,558.78,Xã Quảng Trực,Không sáp nhập,107.305,12.1846
tỉnh Lâm Đồng,Sơn Điền,xã,26,442,731,261.88,UBND xã Gia Bắc,"Xã Gia Bắc, Xã Sơn Điền",108.065,11.3495
tỉnh Lâm Đồng,Sơn Mỹ,xã,26,3119,26599,254.52,Xã Sơn Mỹ,"Xã Tân Thắng, Xã Thắng Hải, Xã Sơn Mỹ",107.607,10.6736
tỉnh Lâm Đồng,Sông Lũy,xã,26,3094,21243,253.33,Xã Sông Lũy,"Xã Phan Tiến, Xã Bình Tân, Xã Sông Lũy",108.242,11.2374
tỉnh Lâm Đồng,Suối Kiết,xã,26,3109,16656,378.61,Xã Suối Kiết,"Xã Gia Huynh, Xã Suối Kiết",107.599,11.0005
tỉnh Lâm Đồng,Tà Đùng,xã,26,2830,22703,531.33,Xã Đắk Som,"Xã Đắk Som, Xã Đắk R’Măng",107.978,11.9218
tỉnh Lâm Đồng,Tà Hine,xã,26,439,23027,128.69,UBND xã Tà Hine,"Xã Ninh Loan, Xã Đà Loan, Xã Tà Hine",108.364,11.5676
tỉnh Lâm Đồng,Tà Năng,xã,26,438,13077,258.33,UBND xã Tà Năng,"Xã Đa Quyn, Xã Tà Năng",108.494,11.5905
tỉnh Lâm Đồng,Tân Hà Lâm Hà,xã,26,278,đang cập nhật,168.9,UBND xã Tân Hà,"Xã Tân Hà (huyện Lâm Hà), Xã Hoài Đức, Xã Đan Phượng, Xã Liên Hà",108.164,11.7119
tỉnh Lâm Đồng,Tân Hải,xã,26,3118,25626,77.18,Xã Tân Tiến,"Xã Tân Tiến, Xã Tân Hải",107.825,10.7449
tỉnh Lâm Đồng,Tân Hội,xã,26,346,4945,146.28,Trụ sở UBND xã Tân Hội,"Xã Tân Thành (huyện Đức Trọng), Xã N’ Thôn Hạ, Xã Tân Hội",108.29,11.7135
tỉnh Lâm Đồng,Tân Lập,xã,26,3104,1681,257.61,Xã Tân Lập,"Xã Sông Phan, Xã Tân Lập",107.795,10.8662
tỉnh Lâm Đồng,Tân Minh,xã,26,3114,22292,223.76,Thị trấn Tân Minh,"Thị trấn Tân Minh, Xã Tân Đức, Xã Tân Phúc",107.63,10.8464
tỉnh Lâm Đồng,Tân Thành,xã,26,3105,30611,64.8,Xã Tân Thành,"Xã Tân Thành (huyện Hàm Thuận Nam), Xã Thuận Quý, Xã Tân Thuận",107.973,10.7594
tỉnh Lâm Đồng,Tánh Linh,xã,26,3378,46741,271.39,Thị trấn Lạc Tánh,"Thị trấn Lạc Tánh, Xã Gia An, Xã Đức Thuận",107.763,11.0129
tỉnh Lâm Đồng,Thuận An,xã,26,2819,22625,315.81,Xã Thuận An,"Xã Đắk Lao, Xã Thuận An",107.611,12.5363
tỉnh Lâm Đồng,Thuận Hạnh,xã,26,2851,19236,129.78,Xã Thuận Hà,"Xã Thuận Hà, Xã Thuận Hạnh",107.519,12.2903
tỉnh Lâm Đồng,Tiến Thành,phường,26,3086,28395,55.06,Phường Đức Long,"Phường Đức Long, Xã Tiến Thành",108.031,10.8513
tỉnh Lâm Đồng,Trà Tân,xã,26,3113,29638,135.94,Xã Trà Tân,"Xã Tân Hà (huyện Đức Linh), Xã Đông Hà, Xã Trà Tân",107.496,11.0563
tỉnh Lâm Đồng,Trường Xuân,xã,26,2782,36405,67.94,Xã Trường Xuân,"Xã Nâm N’Jang, Xã Trường Xuân",107.652,12.1499
tỉnh Lâm Đồng,Tuy Đức,xã,26,2855,31786,265.99,Xã Đắk Búk So,"Xã Quảng Tâm, Xã Đắk R’Tíh, Xã Đắk Búk So",107.472,12.1576
tỉnh Lâm Đồng,Tuy Phong,xã,26,3089,951,444.1,UBND xã Phong Phú,"Xã Phan Dũng, Xã Phong Phú",108.648,11.41
tỉnh Lâm Đồng,Tuyên Quang,xã,26,3080,28817,38.17,Xã Tiến Lợi,"Xã Tiến Lợi, Xã Hàm Mỹ",108.039,10.9267
tỉnh Lâm Đồng,Vĩnh Hảo,xã,26,3090,15509,138.58,UBND xã Vĩnh Hảo,"Xã Vĩnh Tân, Xã Vĩnh Hảo",108.791,11.3501
tỉnh Lâm Đồng,Xuân Hương - Đà Lạt,phường,26,181,103178,73.45,"Thành ủy Đà Lạt, số 31 Đinh Tiên Hoàng","Phường 1 (thành phố Đà Lạt), Phường 2 (thành phố Đà Lạt), Phường 3, Phường 4, Phường 10",108.443,11.9033
tỉnh Lâm Đồng,Xuân Trường - Đà Lạt,phường,26,183,36163,168.83,UBND xã Xuân Thọ thôn Đa Lộc,"Phường 11, Xã Xuân Thọ, Xã Xuân Trường, Xã Trạm Hành",108.531,11.8993
