tentinh,tenxa,loai,matinh,maxa,danso,dientich_km2,trungtam_hc,truoc_sapnhap,kinhdo,vido
tỉnh Nghệ An,An Châu,xã,17,1463,43437,34.87,UBND xã Diễn Thịnh và Diễn An,"Xã Diễn An, Xã Diễn Tân, Xã Diễn Thịnh, Xã Diễn Trung",105.609,18.9237
tỉnh Nghệ An,Anh Sơn,xã,17,1425,29539,199.65,UBND huyện Anh Sơn,"Thị trấn Kim Nhan, Xã Đức Sơn, Xã Phúc Sơn",105.019,18.8648
tỉnh Nghệ An,Anh Sơn Đông,xã,17,1429,16214,65.85,UBND xã Lạng Sơn,"Xã Lạng Sơn, Xã Tào Sơn, Xã Vĩnh Sơn",105.182,18.9598
tỉnh Nghệ An,Bắc Lý,xã,17,1514,5552,109.17,UBND xã Bắc Lý,Không sáp nhập,104.237,19.6386
tỉnh Nghệ An,Bạch Hà,xã,17,1479,39332,79.28,UBND xã Trù Sơn và Đại Sơn,"Xã Đại Sơn, Xã Hiến Sơn, Xã Mỹ Sơn, Xã Trù Sơn",105.439,18.8262
tỉnh Nghệ An,Bạch Ngọc,xã,17,1475,29021,72.2,UBND xã Bạch Ngọc và giang Sơn Tây,"Xã Bồi Sơn, Xã Giang Sơn Đông, Xã Giang Sơn Tây, Xã Bạch Ngọc",105.27,18.9514
tỉnh Nghệ An,Bích Hào,xã,17,1439,33960,147.06,UBND xã Mai Giang,"Xã Mai Giang, Xã Thanh Lâm, Xã Thanh Tùng, Xã Thanh Xuân",105.409,18.6325
tỉnh Nghệ An,Bình Chuẩn,xã,17,1457,4638,182.19,UBND xã Bình Chuẩn,Không sáp nhập,104.93,19.2514
tỉnh Nghệ An,Bình Minh,xã,17,1466,37031,91.08,UBND xã Tân Thành,"Xã Đức Thành, Xã Mã Thành, Xã Tân Thành, Xã Tiến Thành",105.494,19.108
tỉnh Nghệ An,Cam Phục,xã,17,1459,7412,162.43,UBND xã Đôn Phục,"Xã Cam Lâm, Xã Đôn Phục",104.857,19.156
tỉnh Nghệ An,Cát Ngạn,xã,17,1432,22995,59.28,UBND xã Phong Thịnh,"Xã Minh Sơn (huyện Thanh Chương), Xã Cát Văn, Xã Phong Thịnh",105.243,18.86
tỉnh Nghệ An,Châu Bình,xã,17,1455,11038,130.91,UBND xã Châu Bình,Không sáp nhập,105.2,19.4913
tỉnh Nghệ An,Châu Hồng,xã,17,1492,11809,134.05,UBND xã Châu Hồng,"Xã Châu Tiến (huyện Quỳ Hợp), Xã Châu Thành, Xã Châu Hồng",105.08,19.4049
tỉnh Nghệ An,Châu Khê,xã,17,1458,12210,544.31,UBND xã Châu Khê,"Xã Lạng Khê, Xã Châu Khê",104.666,18.962
tỉnh Nghệ An,Châu Lộc,xã,17,1493,7234,85.69,UBND xã Châu Lộc,"Xã Liên Hợp, Xã Châu Lộc",105.19,19.3855
tỉnh Nghệ An,Châu Tiến,xã,17,1453,18060,247.16,UBND xã Châu Tiến,"Xã Châu Tiến (huyện Quỳ Châu), Xã Châu Bính, Xã Châu Thắng, Xã Châu Thuận",105.073,19.6752
tỉnh Nghệ An,Chiêu Lưu,xã,17,1522,9797,196.93,UBND xã Chiêu Lưu,"Xã Bảo Thắng, Xã Chiêu Lưu",104.294,19.3462
tỉnh Nghệ An,Con Cuông,xã,17,1456,26043,155.45,UBND huyện Con Cuông,"Thị trấn Trà Lân, Xã Chi Khê, Xã Yên Khê",104.849,19.0406
tỉnh Nghệ An,Cửa Lò,phường,17,1535,64760,29.09,UBND thị xã Cửa Lò,"Phường Nghi Hải, Phường Nghi Hòa, Phường Nghi Hương, Phường Nghi Tân, Phường Nghi Thu, Phường Nghi Thủy, Xã Thu Thủy",105.726,18.788
tỉnh Nghệ An,Đại Đồng,xã,17,1431,63131,77.87,UBND huyện Thanh Chương,"Thị trấn Dùng, Xã Đồng Văn (huyện Thanh Chương), Xã Thanh Ngọc, Xã Thanh Phong, Xã Đại Đồng",105.34,18.7969
tỉnh Nghệ An,Đại Huệ,xã,17,1546,24441,36.11,UBND xã Nam Xuân,"Xã Nam Anh, Xã Nam Lĩnh, Xã Nam Xuân",105.546,18.7249
tỉnh Nghệ An,Diễn Châu,xã,17,1447,63294,22.21,UBND huyện Diễn Châu,"Thị trấn Diễn Thành, Xã Diễn Hoa, Xã Diễn Phúc, Xã Ngọc Bích",105.596,18.9848
tỉnh Nghệ An,Đô Lương,xã,17,1474,61960,50.06,UBND huyện Đô Lương,"Xã Bắc Sơn, Xã Nam Sơn (huyện Đô Lương), Xã Đà Sơn, Xã Đặng Sơn, Xã Lưu Sơn, Xã Thịnh Sơn, Xã Văn Sơn, Xã Yên Sơn, Thị trấn Đô Lương",105.289,18.9029
tỉnh Nghệ An,Đông Hiếu,xã,17,1487,28634,63.87,UBND xã Đông Hiếu,"Xã Nghĩa Mỹ, Xã Nghĩa Thuận, Xã Đông Hiếu",105.488,19.2782
tỉnh Nghệ An,Đông Lộc,xã,17,1542,31219,29.32,UBND xã Khánh Hợp và Nghi Thạch,"Xã Khánh Hợp, Xã Nghi Thạch, Xã Thịnh Trường",105.69,18.7856
tỉnh Nghệ An,Đông Thành,xã,17,1469,46116,30.2,UBND xã Thọ Thành,"Xã Đô Thành, Xã Phú Thành, Xã Thọ Thành",105.558,19.0674
tỉnh Nghệ An,Đức Châu,xã,17,1450,40899,20.97,UBND xã Diễn Hồng và Diễn Kỷ,"Xã Diễn Hồng, Xã Diễn Kỷ, Xã Diễn Phong, Xã Diễn Vạn",105.59,19.0367
tỉnh Nghệ An,Giai Lạc,xã,17,1467,35783,88.58,UBND xã Hậu Thành,"Xã Hậu Thành, Xã Lăng Thành, Xã Phúc Thành",105.445,19.0799
tỉnh Nghệ An,Giai Xuân,xã,17,1441,14160,121.55,UBND xã Giai Xuân,"Xã Tân Hợp, Xã Giai Xuân",105.197,19.1769
tỉnh Nghệ An,Hải Châu,xã,17,1449,43155,29.13,UBND xã Hùng Hải và Diễn Mỹ,"Xã Diễn Hoàng, Xã Diễn Kim, Xã Diễn Mỹ, Xã Hùng Hải",105.629,19.0718
tỉnh Nghệ An,Hải Lộc,xã,17,1538,21940,41.25,UBND xã Nghi Yên và Nghi Tiến,"Xã Nghi Thiết, Xã Nghi Tiến, Xã Nghi Yên",105.632,18.8691
tỉnh Nghệ An,Hạnh Lâm,xã,17,1433,13699,274.57,UBND xã Hạnh Lâm,"Xã Thanh Đức, Xã Hạnh Lâm",105.075,18.8006
tỉnh Nghệ An,Hoa Quân,xã,17,1436,32149,107.67,UBND xã Thanh Thịnh,"Xã Thanh An, Xã Thanh Hương, Xã Thanh Quả, Xã Thanh Thịnh",105.287,18.7541
tỉnh Nghệ An,Hoàng Mai,phường,17,1499,44474,79.67,UBND phường Quỳnh Thiện,"Phường Quỳnh Thiện, Xã Quỳnh Trang, Xã Quỳnh Vinh",105.672,19.2863
tỉnh Nghệ An,Hợp Minh,xã,17,1472,46942,54.75,UBND xã Bảo Thành,"Xã Bảo Thành, Xã Long Thành, Xã Sơn Thành, Xã Viên Thành, Xã Vĩnh Thành",105.489,18.9288
tỉnh Nghệ An,Hùng Chân,xã,17,1454,12664,351.87,UBND xã Châu Phong,"Xã Châu Hoàn, Xã Châu Phong, Xã Diên Lãm",104.973,19.4374
tỉnh Nghệ An,Hùng Châu,xã,17,1448,55583,69.11,UBND xã Diễn Yên và Diễn Đoài,"Xã Diễn Đoài, Xã Diễn Lâm, Xã Diễn Trường, Xã Diễn Yên",105.563,19.1222
tỉnh Nghệ An,Hưng Nguyên,xã,17,1550,53144,46.14,UBND huyện Hưng Nguyên,"Thị trấn Hưng Nguyên, Xã Hưng Đạo, Xã Hưng Tây, Xã Thịnh Mỹ",105.627,18.6781
tỉnh Nghệ An,Hưng Nguyên Nam,xã,17,1552,36632,35.77,UBND xã Thông Tân,"Xã Hưng Lĩnh, Xã Long Xá, Xã Thông Tân, Xã Xuân Lam",105.608,18.6186
tỉnh Nghệ An,Huồi Tụ,xã,17,1517,5177,109.03,UBND xã Huồi Tụ,Không sáp nhập,104.26,19.5256
tỉnh Nghệ An,Hữu Khuông,xã,17,1526,2939,263.79,UBND xã Hữu Khuông,Không sáp nhập,104.626,19.485
tỉnh Nghệ An,Hữu Kiệm,xã,17,1521,12609,188.97,UBND xã Hữu Lập,"Xã Bảo Nam, Xã Hữu Lập, Xã Hữu Kiệm",104.245,19.3999
tỉnh Nghệ An,Keng Đu,xã,17,1515,5098,98.24,UBND xã Keng Đu,Không sáp nhập,104.116,19.6249
tỉnh Nghệ An,Kim Bảng,xã,17,1438,27936,183.26,UBND xã Kim Bảng,"Xã Thanh Hà, Xã Thanh Thủy, Xã Kim Bảng",105.289,18.6622
tỉnh Nghệ An,Kim Liên,xã,17,1547,55471,61.08,UBND xã Kim Liên,"Xã Hùng Tiến, Xã Nam Cát, Xã Nam Giang, Xã Xuân Hồng, Xã Kim Liên",105.562,18.6681
tỉnh Nghệ An,Lam Thành,xã,17,1553,31247,39.67,UBND xã Phúc Lợi,"Xã Châu Nhân, Xã Hưng Nghĩa, Xã Hưng Thành, Xã Phúc Lợi",105.662,18.6094
tỉnh Nghệ An,Lượng Minh,xã,17,1529,5322,227.97,UBND xã Lượng Minh,Không sáp nhập,104.471,19.3995
tỉnh Nghệ An,Lương Sơn,xã,17,1476,26494,47.39,UBND xã Tràng Sơn và Đông Sơn,"Xã Bài Sơn, Xã Đông Sơn, Xã Hồng Sơn, Xã Tràng Sơn",105.316,18.9477
tỉnh Nghệ An,Mậu Thạch,xã,17,1460,13200,164.26,UBND xã Thạch Ngàn,"Xã Mậu Đức, Xã Thạch Ngàn",104.961,19.1018
tỉnh Nghệ An,Minh Châu,xã,17,1462,44358,39.68,UBND xã Diễn Cát và Minh Châu,"Xã Diễn Cát, Xã Diễn Nguyên, Xã Hạnh Quảng, Xã Minh Châu",105.546,18.9669
tỉnh Nghệ An,Minh Hợp,xã,17,1495,21276,159.97,UBND xã Minh Hợp,"Xã Hạ Sơn, Xã Văn Lợi, Xã Minh Hợp",105.26,19.266
tỉnh Nghệ An,Môn Sơn,xã,17,1424,18836,529.42,UBND xã Môn Sơn,"Xã Lục Dạ, Xã Môn Sơn",104.848,18.8885
tỉnh Nghệ An,Mường Chọng,xã,17,1496,11291,173.65,đang cập nhật,"Xã Bắc Sơn, Xã Nam Sơn (huyện Quỳ Hợp), Xã Châu Lý",105.076,19.2161
tỉnh Nghệ An,Mường Ham,xã,17,1494,14257,160.35,UBND xã Châu Thái,"Xã Châu Cường, Xã Châu Thái",105.072,19.3146
tỉnh Nghệ An,Mường Lống,xã,17,1518,5649,148.31,UBND xã Mường Lống,Không sáp nhập,104.371,19.4978
tỉnh Nghệ An,Mường Quàng,xã,17,1511,17917,342.15,UBND xã Châu Thôn và Cắm Muộn,"Xã Cắm Muộn, Xã Châu Thôn, Xã Quang Phong",104.851,19.4891
tỉnh Nghệ An,Mường Típ,xã,17,1523,6412,217.66,UBND xã Mường Típ,"Xã Mường Ải, Xã Mường Típ",103.993,19.3078
tỉnh Nghệ An,Mường Xén,xã,17,1512,10396,182.49,UBND huyện Kỳ Sơn,"Thị trấn Mường Xén, Xã Tà Cạ, Xã Tây Sơn",104.095,19.3627
tỉnh Nghệ An,Mỹ Lý,xã,17,1513,5861,211.03,UBND xã Mỹ Lý,Không sáp nhập,104.348,19.638
tỉnh Nghệ An,Na Loi,xã,17,1516,4321,141.86,UBND xã Na Loi,"Xã Đoọc Mạy, Xã Na Loi",104.177,19.5678
tỉnh Nghệ An,Na Ngoi,xã,17,1519,9536,341.25,UBND xã Na Ngoi,"Xã Nậm Càn, Xã Na Ngoi",104.212,19.2239
tỉnh Nghệ An,Nậm Cắn,xã,17,1520,8694,147.7,UBND xã Nậm Cắn,"Xã Phà Đánh, Xã Nậm Cắn",104.153,19.4553
tỉnh Nghệ An,Nam Đàn,xã,17,1544,24489,67.6,UBND xã Nghĩa Thái,"Xã Nghĩa Thái (huyện Nam Đàn), Xã Nam Hưng, Xã Nam Thanh",105.461,18.7504
tỉnh Nghệ An,Nga My,xã,17,1528,8467,302.52,UBND xã Nga My,"Xã Xiêng My, Xã Nga My",104.82,19.3091
tỉnh Nghệ An,Nghi Lộc,xã,17,1536,46022,33.31,UBND huyện Nghi Lộc,"Thị trấn Quán Hành, Xã Diên Hoa, Xã Nghi Trung, Xã Nghi Vạn",105.635,18.7692
tỉnh Nghệ An,Nghĩa Đàn,xã,17,1481,19670,47.32,UBND huyện Nghĩa Đàn,"Thị trấn Nghĩa Đàn, Xã Nghĩa Bình, Xã Nghĩa Trung",105.474,19.353
tỉnh Nghệ An,Nghĩa Đồng,xã,17,1443,20195,72.43,UBND xã Nghĩa Đồng,"Xã Bình Hợp, Xã Nghĩa Đồng",105.371,19.16
tỉnh Nghệ An,Nghĩa Hành,xã,17,1446,22312,112,UBND xã Nghĩa Hành,"Xã Phú Sơn, Xã Tân Hương, Xã Nghĩa Hành",105.19,19.0099
tỉnh Nghệ An,Nghĩa Hưng,xã,17,1485,25459,68.65,UBND xã Nghĩa Hưng,"Xã Nghĩa Thành, Xã Nghĩa Hưng",105.351,19.3362
tỉnh Nghệ An,Nghĩa Khánh,xã,17,1488,25653,77.72,UBND xã Nghĩa Khánh,"Xã Nghĩa An, Xã Nghĩa Đức, Xã Nghĩa Khánh",105.369,19.2359
tỉnh Nghệ An,Nghĩa Lâm,xã,17,1483,23753,121.75,UBND xã Nghĩa Sơn và Nghĩa Lâm,"Xã Nghĩa Lạc, Xã Nghĩa Sơn, Xã Nghĩa Yên, Xã Nghĩa Lâm",105.459,19.414
tỉnh Nghệ An,Nghĩa Lộc,xã,17,1489,25007,62.93,"UBND xã Nghĩa Long, Nghĩa Lộc","Xã Nghĩa Long, Xã Nghĩa Lộc",105.456,19.2209
tỉnh Nghệ An,Nghĩa Mai,xã,17,1482,17844,146.99,UBND xã Nghĩa Hồng,"Xã Nghĩa Hồng, Xã Nghĩa Minh, Xã Nghĩa Mai",105.333,19.4574
tỉnh Nghệ An,Nghĩa Thọ,xã,17,1484,21391,92.19,"UBND xã Nghĩa Hội, Nghĩa Thọ","Xã Nghĩa Hội, Xã Nghĩa Lợi, Xã Nghĩa Thọ",105.54,19.3562
tỉnh Nghệ An,Nhân Hòa,xã,17,1427,22626,86.88,UBND xã Tam Đỉnh,"Xã Cẩm Sơn, Xã Hùng Sơn, Xã Tam Đỉnh",104.976,19.014
tỉnh Nghệ An,Nhôn Mai,xã,17,1525,7060,310.26,UBND xã Nhôn Mai,"Xã Mai Sơn, Xã Nhôn Mai",104.498,19.5674
tỉnh Nghệ An,Phúc Lộc,xã,17,1540,28236,70.5,UBND xã Nghi Mỹ và Nghi Lâm,"Xã Nghi Công Bắc, Xã Nghi Công Nam, Xã Nghi Lâm, Xã Nghi Mỹ",105.543,18.7999
tỉnh Nghệ An,Quan Thành,xã,17,1471,29973,37.71,UBND xã Bắc Thành,"Xã Bắc Thành, Xã Nam Thành, Xã Trung Thành, Xã Xuân Thành",105.436,18.9786
tỉnh Nghệ An,Quảng Châu,xã,17,1461,37434,26.4,UBND xã Xuân Tháp và Diễn Đồng,"Xã Diễn Đồng, Xã Diễn Liên, Xã Diễn Thái, Xã Xuân Tháp",105.549,19.0198
tỉnh Nghệ An,Quang Đồng,xã,17,1468,22364,75.61,UBND xã Kim Thành,"Xã Đồng Thành, Xã Kim Thành, Xã Quang Thành",105.391,19.0408
tỉnh Nghệ An,Quế Phong,xã,17,1507,22834,276.57,UBND huyện Quế Phong,"Thị trấn Kim Sơn, Xã Châu Kim, Xã Mường Nọc, Xã Nậm Giải",104.844,19.6405
tỉnh Nghệ An,Quỳ Châu,xã,17,1452,23094,327.53,UBND huyện Quỳ Châu,"Thị trấn Tân Lạc, Xã Châu Hạnh, Xã Châu Hội, Xã Châu Nga",105.163,19.5816
tỉnh Nghệ An,Quỳ Hợp,xã,17,1490,36929,90.07,UBND huyện Quỳ Hợp,"Thị trấn Quỳ Hợp, Xã Châu Đình, Xã Châu Quang, Xã Thọ Hợp",105.185,19.3126
tỉnh Nghệ An,Quỳnh Anh,xã,17,1505,60329,39.8,UBND xã Minh Lương và Quỳnh Bảng,"Xã Minh Lương, Xã Quỳnh Bảng, Xã Quỳnh Đôi, Xã Quỳnh Thanh, Xã Quỳnh Yên",105.699,19.1587
tỉnh Nghệ An,Quỳnh Lưu,xã,17,1497,73584,40.55,UBND huyện Quỳnh Lưu,"Thị trấn Cầu Giát, Xã Bình Sơn (huyện Quỳnh Lưu), Xã Quỳnh Diễn, Xã Quỳnh Giang, Xã Quỳnh Hậu",105.636,19.1326
tỉnh Nghệ An,Quỳnh Mai,phường,17,1503,57988,40.5,UBND phường Mai Hùng,"Phường Mai Hùng, Phường Quỳnh Phương, Phường Quỳnh Xuân, Xã Quỳnh Liên",105.705,19.2211
tỉnh Nghệ An,Quỳnh Phú,xã,17,1506,72062,33.48,UBND xã Văn Hải và Phú Nghĩa,"Xã An Hòa, Xã Phú Nghĩa, Xã Thuận Long, Xã Văn Hải",105.694,19.111
tỉnh Nghệ An,Quỳnh Sơn,xã,17,1504,36834,61.21,UBND xã Quỳnh Sơn và Quỳnh Lâm,"Xã Ngọc Sơn (huyện Quỳnh Lưu), Xã Quỳnh Lâm, Xã Quỳnh Sơn",105.598,19.1737
tỉnh Nghệ An,Quỳnh Tam,xã,17,1502,35568,103.4,UBND xã Quỳnh Châu và Quỳnh Tam,"Xã Tân Sơn (huyện Quỳnh Lưu), Xã Quỳnh Châu, Xã Quỳnh Tam",105.52,19.2017
tỉnh Nghệ An,Quỳnh Thắng,xã,17,1498,15313,107.99,UBND xã Quỳnh Thắng và Tân Thắng,"Xã Tân Thắng, Xã Quỳnh Thắng",105.595,19.3042
tỉnh Nghệ An,Quỳnh Văn,xã,17,1501,42927,53.35,UBND Quỳnh Văn và Quỳnh Thạch,"Xã Quỳnh Tân, Xã Quỳnh Thạch, Xã Quỳnh Văn",105.645,19.2155
tỉnh Nghệ An,Sơn Lâm,xã,17,1434,12331,162.94,UBND xã Ngọc Lâm,"Xã Ngọc Lâm, Xã Thanh Sơn",105.162,18.7294
tỉnh Nghệ An,Tam Đồng,xã,17,1435,26382,53.38,UBND xã Thanh Liên,"Xã Thanh Liên, Xã Thanh Mỹ, Xã Thanh Tiên",105.238,18.8092
tỉnh Nghệ An,Tam Hợp,xã,17,1491,42628,135.97,UBND xã Tam Hợp,"Xã Tam Hợp (huyện Quỳ Hợp), Xã Đồng Hợp, Xã Nghĩa Xuân, Xã Yên Hợp",105.271,19.3998
tỉnh Nghệ An,Tam Quang,xã,17,1532,13013,507.95,UBND xã Tam Quang,"Xã Tam Đình, Xã Tam Quang",104.583,19.1156
tỉnh Nghệ An,Tam Thái,xã,17,1531,7730,356.01,UBND xã Tam Hợp,"Xã Tam Hợp (huyện Tương Dương), Xã Tam Thái",104.456,19.1503
tỉnh Nghệ An,Tân An,xã,17,1444,22775,90.41,UBND xã Tân An,"Xã Hương Sơn, Xã Nghĩa Phúc, Xã Tân An",105.184,19.083
tỉnh Nghệ An,Tân Châu,xã,17,1464,33073,64.6,đang cập nhật,"Xã Diễn Lộc, Xã Diễn Lợi, Xã Diễn Phú, Xã Diễn Thọ",105.564,18.9025
tỉnh Nghệ An,Tân Kỳ,xã,17,1440,32974,116.5,UBND huyện Tân Kỳ,"Thị trấn Tân Kỳ, Xã Nghĩa Dũng, Xã Kỳ Tân, Xã Kỳ Sơn",105.299,19.0753
tỉnh Nghệ An,Tân Mai,phường,17,1500,33894,51.61,UBND thị xã Hoàng Mai,"Phường Quỳnh Dị, Xã Quỳnh Lập, Xã Quỳnh Lộc",105.754,19.2706
tỉnh Nghệ An,Tân Phú,xã,17,1442,28878,93.32,UBND xã Diễn Lộc và Diễn Thọ,"Xã Nghĩa Thái (huyện Tân Kỳ), Xã Hoàn Long, Xã Tân Xuân, Xã Tân Phú",105.291,19.153
tỉnh Nghệ An,Tây Hiếu,phường,17,1486,24698,43.96,UBND phường Quang Tiến,"Phường Quang Tiến, Xã Nghĩa Tiến, Xã Tây Hiếu",105.394,19.2949
tỉnh Nghệ An,Thái Hòa,phường,17,1480,26916,27.09,UBND thị xã Thái Hòa,"Phường Hòa Hiếu, Phường Long Sơn, Phường Quang Phong",105.444,19.3025
tỉnh Nghệ An,Thần Lĩnh,xã,17,1539,21718,44.69,UBND xã Nghi Đồng và Nghi Phương,"Xã Nghi Đồng, Xã Nghi Hưng, Xã Nghi Phương",105.599,18.8328
tỉnh Nghệ An,Thành Bình Thọ,xã,17,1426,12021,88.18,UBND xã Thành Sơn,"Xã Bình Sơn (huyện Anh Sơn), Xã Thành Sơn, Xã Thọ Sơn",105.035,19.085
tỉnh Nghệ An,Thành Vinh,phường,17,1545,123507,15.54,UBND TP Vinh,"Phường Cửa Nam, Phường Đông Vĩnh, Phường Hưng Bình, Phường Lê Lợi, Phường Quang Trung, Xã Hưng Chính",105.66,18.675
tỉnh Nghệ An,Thiên Nhẫn,xã,17,1548,40885,70.81,UBND xã Trung Phúc Cường,"Xã Khánh Sơn, Xã Nam Kim, Xã Trung Phúc Cường",105.554,18.5971
tỉnh Nghệ An,Thông Thụ,xã,17,1508,8481,706.75,UBND xã Đồng Văn,"Xã Đồng Văn (huyện Quế Phong), Xã Thông Thụ",104.996,19.8569
tỉnh Nghệ An,Thuần Trung,xã,17,1478,40317,49.26,UBND xã Xuân Sơn và Minh Sơn,"Xã Minh Sơn (huyện Đô Lương), Xã Lạc Sơn, Xã Nhân Sơn, Xã Thuận Sơn, Xã Trung Sơn, Xã Xuân Sơn",105.308,18.8515
tỉnh Nghệ An,Tiên Đồng,xã,17,1445,19663,119.62,UBND xã Đồng Văn,"Xã Đồng Văn (huyện Tân Kỳ), Xã Tiên Kỳ",105.105,19.1201
tỉnh Nghệ An,Tiền Phong,xã,17,1509,14494,319.02,UBND xã Tiền Phong,"Xã Hạnh Dịch, Xã Tiền Phong",104.92,19.6918
tỉnh Nghệ An,Tri Lễ,xã,17,1510,14432,243.95,UBND xã Tri Lễ,"Xã Nậm Nhoóng, Xã Tri Lễ",104.716,19.6069
tỉnh Nghệ An,Trung Lộc,xã,17,1541,31182,31.35,UBND xã Nghi Long và Nghi Xá,"Xã Nghi Long, Xã Nghi Quang, Xã Nghi Thuận, Xã Nghi Xá",105.66,18.8231
tỉnh Nghệ An,Trường Vinh,phường,17,1533,141477,34.22,UBND phường Trường Thi,"Phường Bến Thủy, Phường Hưng Dũng, Phường Hưng Phúc, Phường Trung Đô, Phường Trường Thi, Phường Vinh Tân, Xã Hưng Hòa",105.74,18.6798
tỉnh Nghệ An,Tương Dương,xã,17,1524,18479,330.95,UBND huyện Tương Dương,"Thị trấn Thạch Giám, Xã Lưu Kiền, Xã Xá Lượng",104.394,19.2473
tỉnh Nghệ An,Vạn An,xã,17,1543,44830,56.37,UBND huyện Nam Đàn,"Thị trấn Nam Đàn, Xã Thượng Tân Lộc, Xã Xuân Hòa",105.492,18.6862
tỉnh Nghệ An,Vân Du,xã,17,1470,25868,84.3,UBND xã Thịnh Thành,"Xã Minh Thành, Xã Tây Thành, Xã Thịnh Thành",105.352,18.9881
tỉnh Nghệ An,Văn Hiến,xã,17,1477,39144,55.53,UBND xã Thái Sơn và Tân Sơn,"Xã Tân Sơn (huyện Đô Lương), Xã Hòa Sơn, Xã Quang Sơn, Xã Thái Sơn, Xã Thượng Sơn",105.372,18.8946
tỉnh Nghệ An,Văn Kiều,xã,17,1537,28341,63.46,UBND xã Nghi Kiều và Nghi Văn,"Xã Nghi Kiều, Xã Nghi Văn",105.503,18.8423
tỉnh Nghệ An,Vân Tụ,xã,17,1473,43922,48.73,UBND xã Vân Tụ,"Xã Liên Thành, Xã Mỹ Thành, Xã Vân Tụ",105.428,18.925
tỉnh Nghệ An,Vinh Hưng,phường,17,1554,60159,25.47,UBND xã Nghi Kim,"Phường Hưng Đông, Phường Quán Bàu, Xã Nghi Kim, Xã Nghi Liên",105.655,18.7242
tỉnh Nghệ An,Vinh Lộc,phường,17,1534,68086,38.86,UBND phường Hưng Lộc,"Phường Hưng Lộc, Xã Nghi Phong, Xã Nghi Thái, Xã Nghi Xuân, Xã Phúc Thọ",105.724,18.7326
tỉnh Nghệ An,Vinh Phú,phường,17,1549,74473,23.04,UBND phường Nghi Phú,"Phường Hà Huy Tập, Phường Nghi Đức, Phường Nghi Phú, Xã Nghi Ân",105.686,18.7216
tỉnh Nghệ An,Vĩnh Tường,xã,17,1428,24810,76.44,UBND xã Hoa Sơn,"Xã Hoa Sơn, Xã Hội Sơn, Xã Tường Sơn",105.028,18.9438
tỉnh Nghệ An,Xuân Lâm,xã,17,1437,40624,60.88,UBND xã Xuân Dương,"Xã Ngọc Sơn (huyện Thanh Chương), Xã Minh Tiến, Xã Xuân Dương",105.406,18.7264
tỉnh Nghệ An,Yên Hòa,xã,17,1530,8418,211.01,UBND xã Yên Hòa,"Xã Yên Thắng, Xã Yên Hòa",104.695,19.2825
tỉnh Nghệ An,Yên Na,xã,17,1527,9530,297.32,UBND xã Yên Na,"Xã Yên Tĩnh, Xã Yên Na",104.537,19.352
tỉnh Nghệ An,Yên Thành,xã,17,1465,47780,38.13,UBND huyện Yên Thành,"Thị trấn Hoa Thành, Xã Đông Thành, Xã Tăng Thành, Xã Văn Thành",105.483,19.0015
tỉnh Nghệ An,Yên Trung,xã,17,1551,26239,37.74,đang cập nhật,"Xã Hưng Yên Bắc, Xã Hưng Yên Nam, Xã Hưng Trung",105.591,18.7559
tỉnh Nghệ An,Yên Xuân,xã,17,1430,27707,90.41,UBND xã Khai Sơn,"Xã Cao Sơn, Xã Khai Sơn, Xã Lĩnh Sơn, Xã Long Sơn",105.164,18.9049
