tentinh,tenxa,loai,matinh,maxa,danso,dientich_km2,trungtam_hc,truoc_sapnhap,kinhdo,vido
tỉnh Phú Thọ,An Bình,xã,12,1689,18952,127.41,Trụ sở xã Thống Nhất cũ,"Xã Hưng Thi, Xã Thống Nhất, Xã An Bình",105.704,20.4758
tỉnh Phú Thọ,An Nghĩa,xã,12,1660,27556,95.73,Trụ sở xã Phú Nghĩa cũ,"Thị trấn Ba Hàng Đồi, Xã Phú Nghĩa, Xã Phú Thành",105.712,20.5722
tỉnh Phú Thọ,Âu Cơ,phường,12,1580,18951,12.51,"Số 64 Bạch Đằng, phường Âu Cơ, tỉnh Phú Thọ (Trụ sở UBND thị xã Phú Thọ cũ)","Phường Thanh Vinh, Phường Âu Cơ, Xã Thanh Minh",105.201,21.394
tỉnh Phú Thọ,Bản Nguyên,xã,12,1586,33667,28.29,Trụ sở xã Cao Xá,"Xã Cao Xá, Xã Vĩnh Lại, Xã Bản Nguyên",105.34,21.281
tỉnh Phú Thọ,Bằng Luân,xã,12,1556,16932,59.77,Trụ sở UBND xã Bằng Doãn cũ,"Xã Bằng Doãn, Xã Phúc Lai, Xã Bằng Luân",105.063,21.6467
tỉnh Phú Thọ,Bao La,xã,12,1701,12409,104.27,Trụ sở UBND xã Bao La,"Xã Mai Hịch, Xã Xăm Khòe, Xã Bao La",104.977,20.6491
tỉnh Phú Thọ,Bình Nguyên,xã,12,1643,46425,30.6,"DT305, xã Bình Nguyên, tỉnh Phú Thọ (Trụ sở UBND huyện Bình Xuyên cũ)","Thị trấn Hương Canh, Xã Tam Hợp, Xã Quất Lưu, Xã Sơn Lôi",105.66,21.278
tỉnh Phú Thọ,Bình Phú,xã,12,1604,29649,28.28,Trụ sở UBND xã Bình Phú,"Xã Tiên Du, Xã An Đạo, Xã Bình Phú",105.367,21.4133
tỉnh Phú Thọ,Bình Tuyền,xã,12,1642,29926,58.5,Trụ sở thị trấn Bá Hiến cũ,"Thị trấn Bá Hiến, Xã Trung Mỹ",105.692,21.3725
tỉnh Phú Thọ,Bình Xuyên,xã,12,1641,32534,29.5,"Thôn Chân Sơn, xã Bình Xuyên, tỉnh Phú Thọ (Trụ sở xã Hương Sơn cũ)","Thị trấn Gia Khánh, Xã Hương Sơn, Xã Thiện Kế",105.648,21.3224
tỉnh Phú Thọ,Cẩm Khê,xã,12,1579,47059,50.44,Trụ sở Huyện ủy Cẩm Khê cũ,"Thị trấn Cẩm Khê, Xã Minh Tân, Xã Phong Thịnh",105.096,21.4291
tỉnh Phú Thọ,Cao Dương,xã,12,1662,36783,113.38,Trụ sở UBND xã Thanh Cao cũ,"Xã Thanh Cao, Xã Thanh Sơn, Xã Cao Dương",105.634,20.6962
tỉnh Phú Thọ,Cao Phong,xã,12,1671,20327,77.76,"Khu 2, xã Cao Phong (trụ sở HĐND - UBND huyện Cao Phong cũ)","Thị trấn Cao Phong, Xã Hợp Phong, Xã Thu Phong",105.362,20.7017
tỉnh Phú Thọ,Cao Sơn,xã,12,1691,8872,124.93,"Trụ sở chính đặt tại xã Cao Sơn, sử dụng trụ sở xã Tân Minh","Xã Tân Minh, Xã Cao Sơn (huyện Đà Bắc)",105.152,20.8921
tỉnh Phú Thọ,Chân Mộng,xã,12,1559,38565,89.85,Trụ sở UBND xã Tiêu Sơn cũ,"Xã Hùng Long, Xã Yên Kiện, Xã Chân Mộng",105.211,21.5603
tỉnh Phú Thọ,Chí Đám,xã,12,1557,28005,49.36,Trụ sở UBND xã Chí Đám trước sáp nhập,"Xã Hùng Xuyên, Xã Chí Đám",105.161,21.6724
tỉnh Phú Thọ,Chí Tiên,xã,12,1593,17550,23.75,Trụ sở UBND xã Thanh Hà cũ,"Xã Sơn Cương, Xã Thanh Hà, Xã Chí Tiên",105.164,21.4234
tỉnh Phú Thọ,Cự Đồng,xã,12,1591,14988,45.77,Trụ sở xã Cự Đồng,"Xã Tất Thắng, Xã Thắng Sơn, Xã Cự Đồng",105.238,21.1086
tỉnh Phú Thọ,Đà Bắc,xã,12,1695,19834,136.8,Trụ sở UBND huyện Đà Bắc cũ,"Thị trấn Đà Bắc, Xã Hiền Lương (huyện Đà Bắc), Xã Toàn Sơn, Xã Tú Lý",105.251,20.8729
tỉnh Phú Thọ,Đại Đình,xã,12,1640,20551,44,"Trại Mới, xã Đại Đình, tỉnh Phú Thọ (Trụ sở xã Đại Đình)","Thị trấn Đại Đình, Xã Bồ Lý",105.577,21.4615
tỉnh Phú Thọ,Đại Đồng,xã,12,1686,24353,81.37,Trụ sở xã Ân Nghĩa cũ,"Xã Ân Nghĩa, Xã Tân Mỹ, Xã Yên Nghiệp",105.504,20.4045
tỉnh Phú Thọ,Dân Chủ,xã,12,1568,18568,29.85,Trụ sở UBND xã Trị Quận cũ,"Xã Bảo Thanh, Xã Trị Quận, Xã Hạ Giáp, Xã Gia Thanh",105.311,21.4714
tỉnh Phú Thọ,Đan Thượng,xã,12,1615,28838,84.15,"Khu 8, xã Đan Thượng, tỉnh Phú Thọ (Trụ sở UBND xã Tứ Hiệp cũ)","Xã Tứ Hiệp, Xã Đại Phạm, Xã Hà Lương, Xã Đan Thượng",104.981,21.6314
tỉnh Phú Thọ,Đạo Trù,xã,12,1639,24759,83.8,Trụ sở xã Đạo Trù,"Xã Yên Dương, Xã Đạo Trù",105.553,21.5163
tỉnh Phú Thọ,Đào Xá,xã,12,1583,32156,45.53,Trụ sở xã Đào Xá,"Xã Xuân Lộc, Xã Thạch Đồng, Xã Tân Phương, Xã Đào Xá",105.288,21.2116
tỉnh Phú Thọ,Đoan Hùng,xã,12,1555,"30,509",44.8,"Ngõ 592 đường Đồng Tâm, xã Đoan Hùng, tỉnh Phú Thọ (Trụ sở UBND Huyện Đoan Hùng cũ)","Thị trấn Đoan Hùng, Xã Hợp Nhất, Xã Ngọc Quan",105.188,21.6163
tỉnh Phú Thọ,Đồng Lương,xã,12,1600,15904,36.33,Trụ sở UBND xã Điêu Lương cũ,"Xã Điêu Lương, Xã Yên Dưỡng, Xã Đồng Lương",105.162,21.3135
tỉnh Phú Thọ,Đông Thành,xã,12,1601,20383,32.25,Trụ sở UBND xã Khải Xuân cũ,"Xã Khải Xuân, Xã Võ Lao, Xã Đông Thành",105.197,21.4561
tỉnh Phú Thọ,Đức Nhàn,xã,12,1697,7389,107.6,"Trụ sở chính đặt tại xã Mường Chiềng, sử dụng trụ sở xã Nánh Nghê","Xã Mường Chiềng, Xã Nánh Nghê",104.914,21.0349
tỉnh Phú Thọ,Dũng Tiến,xã,12,1669,20000,101.1,Trụ sở xã Nuông Dăm cũ,"Xã Cuối Hạ, Xã Mỵ Hòa, Xã Nuông Dăm",105.641,20.5615
tỉnh Phú Thọ,Hạ Hòa,xã,12,1560,21779,41.23,"Đường Hàn Thuyên - Âu Cơ, xã Hạ Hòa, tỉnh Phú Thọ (Trụ sở Huyện ủy - UBND huyện Hạ Hòa cũ)","Thị trấn Hạ Hòa, Xã Minh Hạc, Xã Ấm Hạ, Xã Gia Điền",105.032,21.585
tỉnh Phú Thọ,Hải Lựu,xã,12,1627,30098,38.8,Trụ sở xã Hải Lựu,"Xã Nhân Đạo, Xã Đôn Nhân, Xã Phương Khoan, Xã Hải Lựu",105.36,21.4591
tỉnh Phú Thọ,Hiền Lương,xã,12,1616,22337,81.93,"Khu 10, xã Hiền Lương, tỉnh Phú Thọ (trụ sở UBND xã Xuân Áng cũ)","Xã Hiền Lương (huyện Hạ Hòa), Xã Xuân Áng",104.934,21.5705
tỉnh Phú Thọ,Hiền Quan,xã,12,1575,27476,31.38,Trụ sở xã Bắc Sơn cũ,"Xã Thanh Uyên, Xã Bắc Sơn, Xã Hiền Quan",105.237,21.3576
tỉnh Phú Thọ,Hòa Bình,phường,12,1664,78605,39.32,"Đường Lý Nam Đế, phường Hòa Bình, tỉnh Phú Thọ (Trụ sở UBND TP Hòa Bình cũ)","Phường Đồng Tiến, Phường Hữu Nghị, Phường Phương Lâm, Phường Quỳnh Lâm, Phường Tân Thịnh, Phường Thịnh Lang, Phường Trung Minh",105.352,20.8369
tỉnh Phú Thọ,Hoàng An,xã,12,1637,26000,20.8,Trụ sở xã Hoàng Đan cũ,"Xã Hoàng Đan, Xã Hoàng Lâu, Xã An Hòa",105.523,21.3521
tỉnh Phú Thọ,Hoàng Cương,xã,12,1590,27890,39.51,Trụ sở UBND xã Hoàng Cương,"Xã Ninh Dân, Xã Mạn Lạn, Xã Hoàng Cương",105.133,21.4721
tỉnh Phú Thọ,Hội Thịnh,xã,12,1636,37115,25.1,Trụ sở xã Duy Phiên cũ,"Xã Duy Phiên, Xã Thanh Vân, Xã Hội Thịnh",105.548,21.315
tỉnh Phú Thọ,Hợp Kim,xã,12,1673,21033,86.29,Trụ sở xã Nam Thượng cũ,"Xã Kim Lập, Xã Nam Thượng, Xã Sào Báy",105.589,20.6523
tỉnh Phú Thọ,Hợp Lý,xã,12,1656,19611,34.1,Trụ sở xã Quang Sơn cũ,"Xã Ngọc Mỹ (huyện Lập Thạch), Xã Quang Sơn, Xã Hợp Lý",105.444,21.4873
tỉnh Phú Thọ,Hùng Việt,xã,12,1582,22935,32.77,Trụ sở UBND xã Hùng Việt,"Xã Nhật Tiến, Xã Hùng Việt",105.146,21.3584
tỉnh Phú Thọ,Hương Cần,xã,12,1613,17900,81.3,Trụ sở xã Hương Cần,"Xã Yên Lương, Xã Yên Lãng, Xã Hương Cần",105.266,21.0104
tỉnh Phú Thọ,Hy Cương,xã,12,1573,22693,23.95,"Khu 6, xã Hy Cương, tỉnh Phú Thọ (Trụ sở UBND xã Thanh Đình cũ)","Xã Thanh Đình, Xã Chu Hóa, Xã Hy Cương",105.32,21.3471
tỉnh Phú Thọ,Khả Cửu,xã,12,1603,13149,148.48,Trụ sở xã Khả Cửu,"Xã Đông Cửu, Xã Thượng Cửu, Xã Khả Cửu",105.125,21.0029
tỉnh Phú Thọ,Kim Bôi,xã,12,1679,35915,64.57,"Trụ sở chính đặt tại thị trấn Bọ, sử dụng trụ sở UBND huyện Kim Bôi","Thị trấn Bo, Xã Vĩnh Đồng, Xã Kim Bôi",105.523,20.6572
tỉnh Phú Thọ,Kỳ Sơn,phường,12,1693,20319,115.7,Trụ sở chính tại trụ sở xã Mông Hóa cũ,"Phường Kỳ Sơn, Xã Độc Lập, Xã Mông Hóa",105.404,20.8812
tỉnh Phú Thọ,Lạc Lương,xã,12,1678,25289,130.41,Trụ sở UBND xã Bảo Hiệu cũ,"Xã Bảo Hiệu, Xã Đa Phúc, Xã Lạc Sỹ, Xã Lạc Lương",105.609,20.4742
tỉnh Phú Thọ,Lạc Sơn,xã,12,1663,27500,58.1,Trụ sở thị trấn Vụ Bản cũ,"Thị trấn Vụ Bản, Xã Hương Nhượng, Xã Vũ Bình",105.483,20.455
tỉnh Phú Thọ,Lạc Thủy,xã,12,1659,24529,90.69,Trụ sở UBND huyện Chi Nê cũ,"Thị trấn Chi Nê, Xã Đồng Tâm, Xã Khoan Dụ, Xã Yên Bồng",105.799,20.476
tỉnh Phú Thọ,Lai Đồng,xã,12,1581,16321,108.45,Trụ sở xã Lai Đồng,"Xã Kiệt Sơn, Xã Tân Sơn, Xã Đồng Sơn, Xã Lai Đồng",104.909,21.2118
tỉnh Phú Thọ,Lâm Thao,xã,12,1578,31321,15.45,Trụ sở HĐND - UBND huyện Lâm Thao cũ,"Thị trấn Hùng Sơn, Thị trấn Lâm Thao, Xã Thạch Sơn",105.289,21.3425
tỉnh Phú Thọ,Lập Thạch,xã,12,1625,34604,39.1,"Tổ dân phố Vĩnh Thịnh, DT307, xã Lập Thạch, tỉnh Phú Thọ (Trụ sở UBND huyện Lập Thạch cũ)","Thị trấn Lập Thạch, Xã Xuân Hòa, Xã Tử Du, Xã Vân Trục",105.464,21.4301
tỉnh Phú Thọ,Liên Châu,xã,12,1649,35029,26,Trụ sở xã Đại Tự cũ,"Xã Đại Tự, Xã Hồng Châu, Xã Liên Châu",105.567,21.18
tỉnh Phú Thọ,Liên Hòa,xã,12,1629,19257,18.8,Trụ sở xã Liên Hòa,"Thị trấn Hoa Sơn, Xã Bàn Giản, Xã Liên Hòa",105.509,21.4115
tỉnh Phú Thọ,Liên Minh,xã,12,1597,23443,20.98,Trụ sở UBND xã Đỗ Xuyên cũ,"Xã Đỗ Sơn, Xã Đỗ Xuyên, Xã Lương Lỗ",105.203,21.3464
tỉnh Phú Thọ,Liên Sơn,xã,12,3327,31834,120.21,Trụ sở UBND xã Cư Yên cũ,"Xã Cư Yên, Xã Liên Sơn, Xã Cao Sơn (huyện Lương Sơn)",105.604,20.7995
tỉnh Phú Thọ,Long Cốc,xã,12,1588,8708,67.09,Trụ sở xã Tam Thanh cũ,"Xã Tam Thanh, Xã Vinh Tiền, Xã Long Cốc",105.071,21.0918
tỉnh Phú Thọ,Lương Sơn,xã,12,1696,45383,131.24,"543 đường Trần Phú, xã Lương Sơn, tỉnh Phú Thọ (Trụ sở UBND huyện Lương Sơn)","Thị trấn Lương Sơn, Xã Hòa Sơn, Xã Lâm Sơn, Xã Nhuận Trạch, Xã Tân Vinh, Xã Cao Sơn (huyện Lương Sơn)",105.506,20.8832
tỉnh Phú Thọ,Mai Châu,xã,12,1699,19143,147.74,"Quốc lộ 15, tiểu khu 2, xã Mai Châu, tỉnh Phú Thọ (Trụ sở UBND huyện Mai Châu cũ)","Thị trấn Mai Châu, Xã Nà Phòn, Xã Thành Sơn, Xã Tòng Đậu, Xã Đồng Tân",105.052,20.6924
tỉnh Phú Thọ,Mai Hạ,xã,12,1702,10317,71.86,Trụ sở UBND xã Vạn Mai cũ,"Xã Chiềng Châu, Xã Vạn Mai, Xã Mai Hạ",105.05,20.6084
tỉnh Phú Thọ,Minh Đài,xã,12,1611,24209,84.74,Trụ sở xã Văn Luông,"Xã Mỹ Thuận, Xã Văn Luông, Xã Minh Đài",105.066,21.1796
tỉnh Phú Thọ,Minh Hòa,xã,12,1607,16425,68.44,Trụ sở xã Minh Hòa,"Xã Ngọc Lập, Xã Ngọc Đồng, Xã Minh Hòa",105.125,21.2537
tỉnh Phú Thọ,Mường Bi,xã,12,1657,20913,94.79,Trụ sở UBND xã Mỹ Hòa cũ,"Xã Mỹ Hòa, Xã Phong Phú, Xã Phú Cường",105.192,20.6312
tỉnh Phú Thọ,Mường Động,xã,12,1668,26092,144.69,"Trụ sở chính đặt tại xã Đông Bắc, sử dụng trụ sở xã Đông Bắc","Xã Đông Bắc, Xã Hợp Tiến, Xã Tú Sơn, Xã Vĩnh Tiến",105.436,20.6924
tỉnh Phú Thọ,Mường Hoa,xã,12,1667,8563,104.54,Trụ sở UBND xã Suối Hoa cũ,"Xã Phú Vinh, Xã Suối Hoa",105.191,20.7098
tỉnh Phú Thọ,Mường Thàng,xã,12,1665,19883,91.58,Trụ sở xã Dũng Phong (tạm thời sử dụng trụ sở xã Nam Phong),"Xã Dũng Phong, Xã Nam Phong, Xã Tây Phong, Xã Thạch Yên",105.337,20.6417
tỉnh Phú Thọ,Mường Vang,xã,12,1687,20583,69.79,Trụ sở xã Tân Lập cũ,"Xã Tân Lập (huyện Lạc Sơn), Xã Quý Hòa, Xã Tuân Đạo",105.461,20.5841
tỉnh Phú Thọ,Nật Sơn,xã,12,1666,28940,154.65,Trụ sở xã Bình Sơn cũ,"Xã Xuân Thủy (huyện Kim Bôi), Xã Bình Sơn, Xã Đú Sáng, Xã Hùng Sơn",105.494,20.76
tỉnh Phú Thọ,Ngọc Sơn,xã,12,1683,8981,114.63,Trụ sở xã Ngọc Sơn,"Xã Ngọc Lâu, Xã Tự Do, Xã Ngọc Sơn",105.362,20.4214
tỉnh Phú Thọ,Nguyệt Đức,xã,12,1648,34166,19,Trụ sở xã Nguyệt Đức,"Xã Văn Tiến, Xã Trung Kiên, Xã Trung Hà, Xã Nguyệt Đức",105.612,21.1982
tỉnh Phú Thọ,Nhân Nghĩa,xã,12,1670,19456,81.37,Trụ sở xã Nhân Nghĩa,"Xã Mỹ Thành, Xã Văn Nghĩa, Xã Nhân Nghĩa",105.494,20.5403
tỉnh Phú Thọ,Nông Trang,phường,12,1574,57770,15.89,"- Trụ sở UBND và Trung tâm Hành chính công: Phố Đốc Ngữ, phường Nông Trang, tỉnh Phú Thọ (Trụ sở phường Minh Phương cũ) - Trụ sở Đảng ủy: 1686 đại lộ Hùng Vương, phường Nông Trang, tỉnh Phú Thọ (Trụ sở phường Nông Trang cũ)","Phường Minh Phương, Phường Nông Trang, Xã Thụy Vân",105.357,21.3283
tỉnh Phú Thọ,Pà Cò,xã,12,1700,11334,115.76,Trụ sở UBND xã Cun Pheo cũ,"Xã Cun Pheo, Xã Hang Kia, Xã Pà Cò, Xã Đồng Tân",104.887,20.7119
tỉnh Phú Thọ,Phong Châu,phường,12,1592,32519,29.61,"Đảng ủy-HĐND-UBND-MTTQ: Đường quốc lộ 2, phường Phong Châu (Trụ sở UBND xã Phú Hộ cũ)
Trung tâm Hành chính công: Đường sông Hồng, khu dân cư Phú Hà, phường Phong Châu, tỉnh Phú Thọ (Trụ sở UBND phường Phong Châu cũ)","Phường Phong Châu, Xã Phú Hộ, Xã Hà Thạch",105.257,21.4208
tỉnh Phú Thọ,Phú Khê,xã,12,1594,25630,37.11,Trụ sở UBND xã Phú Khê,"Xã Hương Lung, Xã Phú Khê",105.102,21.3779
tỉnh Phú Thọ,Phú Mỹ,xã,12,1566,15460,27.36,Trụ sở UBND xã Liên Hoa cũ,"Xã Liên Hoa, Xã Lệ Mỹ, Xã Phú Mỹ",105.274,21.5134
tỉnh Phú Thọ,Phù Ninh,xã,12,1605,45037,39.28,Trụ sở Huyện ủy - UBND huyện Phù Ninh cũ,"Thị trấn Phong Châu, Xã Phú Nham, Xã Phú Lộc, Xã Phù Ninh",105.314,21.4134
tỉnh Phú Thọ,Phú Thọ,phường,12,1584,27957,23.07,"Đảng ủy và MTTQ: Số 198 đường Nguyễn Tất Thành, phường Phú Thọ (Trụ sở Thị ủy Phú Thọ cũ)
HĐND và UBND: Số 200 đường Nguyễn Tất Thành, phường Phú Thọ (Trường Đại học Hùng Vương cũ)
Trung tâm hành chính công: Số 210 đường Nguyễn Tất Thành, phường Phú Thọ (Trụ sở UBND phường Hùng Vương cũ)","Phường Hùng Vương (thị xã Phú Thọ), Xã Văn Lung, Xã Hà Lộc",105.225,21.4263
tỉnh Phú Thọ,Phúc Yên,phường,12,1623,63954,23.4,"145 Trần Hưng Đạo, phường Phúc Yên, tỉnh Phú Thọ (Trụ sở UBND TP Phúc Yên cũ)","Phường Hùng Vương (thành phố Phúc Yên), Phường Hai Bà Trưng, Phường Phúc Thắng, Phường Tiền Châu, Phường Nam Viêm",105.707,21.2457
tỉnh Phú Thọ,Phùng Nguyên,xã,12,1589,41046,30.57,Trụ sở xã Phùng Nguyên,"Xã Tứ Xã, Xã Sơn Vi, Xã Phùng Nguyên",105.295,21.2936
tỉnh Phú Thọ,Quảng Yên,xã,12,1565,15056,39.58,Trụ sở UBND xã Quảng Yên,"Xã Đại An, Xã Đông Lĩnh, Xã Quảng Yên",105.175,21.5152
tỉnh Phú Thọ,Quy Đức,xã,12,1694,9462,146.97,"Trụ sở chính đặt tại xã Đoàn Kết, sử dụng trụ sở xã Yên Hòa","Xã Đoàn Kết (huyện Đà Bắc), Xã Đồng Ruộng, Xã Trung Thành, Xã Yên Hoà",105.053,20.8908
tỉnh Phú Thọ,Quyết Thắng,xã,12,1690,22746,59.66,Trụ sở xã Quyết Thắng,"Xã Chí Đạo, Xã Định Cư, Xã Quyết Thắng",105.363,20.4744
tỉnh Phú Thọ,Sơn Đông,xã,12,1633,36076,26.7,Trụ sở xã Cao Phong cũ,"Xã Tây Sơn, Xã Cao Phong, Xã Sơn Đông",105.461,21.332
tỉnh Phú Thọ,Sơn Lương,xã,12,1617,23365,96.92,Trụ sở xã Lương Sơn cũ,"Xã Mỹ Lương, Xã Mỹ Lung, Xã Lương Sơn",104.934,21.4722
tỉnh Phú Thọ,Sông Lô,xã,12,1631,34291,33.4,Trụ sở xã Đồng Thịnh cũ,"Xã Đồng Thịnh (huyện Sông Lô), Xã Tứ Yên, Xã Đức Bác, Xã Yên Thạch",105.421,21.3776
tỉnh Phú Thọ,Tam Đảo,xã,12,1638,34772,79.2,"Km10 Hợp Châu, xã Tam Đảo, tỉnh Phú Thọ (Trụ sở UBND huyện Tam Đảo cũ)","Thị trấn Hợp Châu, Thị trấn Tam Đảo, Xã Hồ Sơn, Xã Minh Quang",105.643,21.409
tỉnh Phú Thọ,Tam Dương,xã,12,1634,47936,44.3,"quốc lộ 2C, phố Me, xã Tam Dương, tỉnh Phú Thọ (trụ sở UBND huyện Tam Dương cũ)","Thị trấn Hợp Hòa, Thị trấn Kim Long, Xã Hướng Đạo, Xã Đạo Tú",105.572,21.3729
tỉnh Phú Thọ,Tam Dương Bắc,xã,12,1635,37284,45.8,Trụ sở xã Hoàng Hoa cũ,"Xã Đồng Tĩnh, Xã Hoàng Hoa, Xã Tam Quan",105.578,21.4299
tỉnh Phú Thọ,Tam Hồng,xã,12,1647,40224,22.6,Trụ sở xã Tam Hồng,"Thị trấn Tam Hồng, Xã Yên Phương, Xã Yên Đồng",105.568,21.2144
tỉnh Phú Thọ,Tam Nông,xã,12,1609,26412,28.25,Trụ sở HĐND-UBND huyện Tam Nông cũ,"Thị trấn Hưng Hóa, Xã Dân Quyền, Xã Hương Nộn",105.3,21.2501
tỉnh Phú Thọ,Tam Sơn,xã,12,1630,25523,33.1,"xã Tam Sơn, tỉnh Phú Thọ (Trụ sở Huyện ủy-HĐND-UBND huyện Sông Lô cũ)","Xã Tân Lập (huyện Sông Lô), Xã Đồng Quế, Thị trấn Tam Sơn",105.418,21.4358
tỉnh Phú Thọ,Tân Hòa,phường,12,1676,14316,56.98,Trụ sở chính tại trụ sở xã Tên Mông cũ,"Phường Tân Hòa, Xã Hòa Bình, Xã Yên Mông",105.319,20.8729
tỉnh Phú Thọ,Tân Lạc,xã,12,1658,42031,139.9,Trụ HĐND-UBND huyện Tân Lạc,"Thị trấn Mãn Đức, Xã Ngọc Mỹ (huyện Tân Lạc), Xã Đông Lai, Xã Thanh Hối, Xã Tử Nê",105.314,20.5794
tỉnh Phú Thọ,Tân Mai,xã,12,1672,7924,130.71,Trụ sở UBND xã Tân Thành cũ,"Xã Sơn Thủy (huyện Mai Châu), Xã Tân Thành",105.056,20.7768
tỉnh Phú Thọ,Tân Pheo,xã,12,1698,10528,139.38,"Trụ sở chính đặt tại xã Tân Pheo, sử dụng trụ sở xã Giáp Đắt","Xã Đồng Chum, Xã Giáp Đắt, Xã Tân Pheo",104.963,20.958
tỉnh Phú Thọ,Tân Sơn,xã,12,1569,18246,118.21,Trụ sở HĐND-UBND huyện Tân Sơn cũ,"Thị trấn Tân Phú, Xã Thu Ngạc, Xã Thạch Kiệt",105.006,21.2493
tỉnh Phú Thọ,Tây Cốc,xã,12,1558,21227,59.07,Trụ sở UBND xã Tây Cốc trước sáp nhập,"Xã Phú Lâm, Xã Ca Đình, Xã Tây Cốc",105.124,21.6342
tỉnh Phú Thọ,Tề Lỗ,xã,12,1646,37232,18.3,Trụ sở xã Đồng Văn cũ,"Xã Đồng Văn, Xã Trung Nguyên, Xã Tề Lỗ",105.55,21.2592
tỉnh Phú Thọ,Thái Hòa,xã,12,1628,23943,29,Trụ sở xã Liễn Sơn cũ,"Xã Bắc Bình, Xã Liễn Sơn, Xã Thái Hòa",105.501,21.4589
tỉnh Phú Thọ,Thanh Ba,xã,12,1564,30014,38.6,Trụ sở UBND huyện Thanh Ba cũ,"Thị trấn Thanh Ba, Xã Đồng Xuân, Xã Hanh Cù, Xã Vân Lĩnh",105.118,21.5195
tỉnh Phú Thọ,Thanh Miếu,phường,12,1599,58548,19.57,"Đường Nguyễn Tất Thành, phường Thanh Miếu, tỉnh Phú Thọ (Trung tâm Thanh thiếu nhi Hùng Vương)","Phường Thọ Sơn, Phường Tiên Cát, Phường Bạch Hạc, Phường Thanh Miếu, Xã Sông Lô",105.431,21.303
tỉnh Phú Thọ,Thanh Sơn,xã,12,1571,38776,84.55,Trụ sở Huyện ủy-HDND-UBND huyện Thanh Sơn cũ,"Thị trấn Thanh Sơn, Xã Sơn Hùng, Xã Giáp Lai, Xã Thạch Khoán, Xã Thục Luyện",105.204,21.1988
tỉnh Phú Thọ,Thanh Thủy,xã,12,1608,27678,31.08,Trụ sở HĐND-UBND huyện Thanh Thủy cũ,"Xã Sơn Thủy (huyện Thanh Thủy), Xã Đoan Hạ, Xã Bảo Yên, Thị trấn Thanh Thủy",105.271,21.1475
tỉnh Phú Thọ,Thịnh Minh,xã,12,1692,19198,89.21,Trụ sở UBND xã Thịnh Minh,"Xã Hợp Thành, Xã Quang Tiến, Xã Thịnh Minh",105.379,20.97
tỉnh Phú Thọ,Thổ Tang,xã,12,1654,43208,21.3,"Phố Lý Quốc Sư, xã Thổ Tang, tỉnh Phú Thọ (Trụ sở thị trấn Thổ Tang cũ)","Thị trấn Thổ Tang, Xã Thượng Trưng, Xã Tuân Chính",105.489,21.2333
tỉnh Phú Thọ,Thọ Văn,xã,12,1596,15281,43.54,Trụ sở xã Thọ Văn,"Xã Dị Nậu, Xã Tề Lễ, Xã Thọ Văn",105.249,21.2428
tỉnh Phú Thọ,Thống Nhất,phường,12,1688,22897,55.21,Trụ sở UBND phường Thống Nhất,"Phường Dân Chủ, Phường Thái Bình, Phường Thống Nhất, Xã Vầy Nưa",105.342,20.776
tỉnh Phú Thọ,Thu Cúc,xã,12,1619,11313,100.51,Trụ sở xã Thu Cúc,Không sáp nhập,104.883,21.3006
tỉnh Phú Thọ,Thung Nai,xã,12,1684,10600,86.34,Trụ sở xã Bắc Phong (tạm thời sử dụng trụ sở xã Nam Phong),"Xã Bắc Phong, Xã Bình Thanh, Xã Thung Nai",105.262,20.7472
tỉnh Phú Thọ,Thượng Cốc,xã,12,1674,18430,58.38,Trụ sở xã Văn Sơn cũ,"Xã Miền Đồi, Xã Văn Sơn, Xã Thượng Cốc",105.391,20.5256
tỉnh Phú Thọ,Thượng Long,xã,12,1577,16108,60.36,Trụ sở xã Phúc Khánh cũ,"Xã Phúc Khánh, Xã Nga Hoàng, Xã Thượng Long",105.01,21.3287
tỉnh Phú Thọ,Tiên Lữ,xã,12,1632,32710,31.8,Trụ sở xã Tiên Lữ,"Xã Xuân Lôi, Xã Văn Quán, Xã Đồng Ích, Xã Tiên Lữ",105.462,21.3731
tỉnh Phú Thọ,Tiên Lương,xã,12,1567,38028,54.55,Trụ sở UBND xã Minh Thắng cũ,"Xã Phượng Vĩ, Xã Minh Thắng, Xã Tiên Lương",105.025,21.4665
tỉnh Phú Thọ,Tiền Phong,xã,12,1677,5246,116.31,"Trụ sở chính đặt tại xã Vầy Nữa, sủ dụng trụ sở xã Tiền Phong","Xã Tiền Phong, Xã Vầy Nưa",105.121,20.7953
tỉnh Phú Thọ,Toàn Thắng,xã,12,1661,15427,71.11,Trụ sở UBND xã Nhân Mỹ cũ,"Xã Gia Mô, Xã Lỗ Sơn, Xã Nhân Mỹ",105.259,20.547
tỉnh Phú Thọ,Trạm Thản,xã,12,1620,16138,32.6,Trụ sở UBND xã Tiên Phú cũ,"Xã Tiên Phú, Xã Trung Giáp, Xã Trạm Thản",105.255,21.4731
tỉnh Phú Thọ,Trung Sơn,xã,12,1618,6028,97.29,Trụ sở xã Trung Sơn,Không sáp nhập,104.944,21.3563
tỉnh Phú Thọ,Tu Vũ,xã,12,1610,41564,49.07,Trụ sở xã Đồng Trung,"Xã Đồng Trung, Xã Hoàng Xá, Xã Tu Vũ",105.289,21.0736
tỉnh Phú Thọ,Vân Bán,xã,12,1587,15904,22.72,đang cập nhật,"Xã Tùng Khê, Xã Tam Sơn, Xã Văn Bán",105.049,21.4227
tỉnh Phú Thọ,Văn Lang,xã,12,1562,17949,54.06,Trụ sở UBND xã Văn Lang trước sáp nhập,"Xã Vô Tranh, Xã Bằng Giã, Xã Minh Côi, Xã Văn Lang",104.99,21.5244
tỉnh Phú Thọ,Văn Miếu,xã,12,1614,18752,89.11,Trụ sở xã Văn Miếu,"Xã Tân Lập, Xã Tân Minh (huyện Thanh Sơn), Xã Văn Miếu",105.167,21.0623
tỉnh Phú Thọ,Vân Phú,phường,12,1570,37450,26.26,"Đường Trường Chinh, khu 3, phường Vân Phú, tỉnh Phú Thọ (trụ sở UBND phường Vân Phú)","Phường Vân Phú, Xã Phượng Lâu, Xã Hùng Lô, Xã Kim Đức",105.366,21.3636
tỉnh Phú Thọ,Vân Sơn,xã,12,1680,9197,120.53,Trụ sở UBND xã Vân Sơn,"Xã Ngổ Luông, Xã Quyết Chiến, Xã Vân Sơn",105.197,20.5458
tỉnh Phú Thọ,Vạn Xuân,xã,12,1612,31353,52.43,Trụ sở xã Vạn Xuân,"Xã Quang Húc, Xã Lam Sơn, Xã Vạn Xuân",105.227,21.3017
tỉnh Phú Thọ,Việt Trì,phường,12,1606,73006,25.83,"1508 đại lộ Hùng Vương, phường Việt Trì, tỉnh Phú Thọ","Phường Tân Dân, Phường Gia Cẩm, Phường Minh Nông, Phường Dữu Lâu, Xã Trưng Vương",105.399,21.3326
tỉnh Phú Thọ,Vĩnh An,xã,12,1651,32883,21.4,Trụ sở xã Kim Xá cũ,"Xã Kim Xá, Xã Yên Bình, Xã Chấn Hưng",105.511,21.3073
tỉnh Phú Thọ,Vĩnh Chân,xã,12,1563,17173,27.12,Trụ sở UBND xã Mai Tùng cũ (tạm thời đặt tại UBND xã Yên Luật do đang sửa chữa),"Xã Lang Sơn, Xã Yên Luật, Xã Vĩnh Chân",105.052,21.522
tỉnh Phú Thọ,Vĩnh Hưng,xã,12,1652,38821,18.7,Trụ sở xã Đại Đồng cũ,"Xã Nghĩa Hưng, Xã Yên Lập, Xã Đại Đồng",105.495,21.2828
tỉnh Phú Thọ,Vĩnh Phú,xã,12,1655,49755,34.6,Trụ sở xã Vĩnh Thịnh cũ,"Xã An Nhân, Xã Vĩnh Thịnh, Xã Ngũ Kiên, Xã Vĩnh Phú",105.502,21.1776
tỉnh Phú Thọ,Vĩnh Phúc,phường,12,1622,78317,25.3,"Đảng ủy-HĐND-UBND: Số 9A, đường Lê Lợi, phường Vĩnh Yên, tỉnh Phú Thọ (Trụ sở Thành ủy Vĩnh Yên cũ)
Trung tâm hành chính công: 159 đường Trần Phú (trụ sở phường Liên Bảo cũ)","Phường Định Trung, Phường Liên Bảo, Phường Khai Quang, Phường Ngô Quyền, Phường Đống Đa",105.608,21.3178
tỉnh Phú Thọ,Vĩnh Thành,xã,12,1653,35020,22,Trụ sở xã Lũng Hòa cũ,"Xã Sao Đại Việt, Xã Lũng Hòa, Xã Tân Phú",105.463,21.2634
tỉnh Phú Thọ,Vĩnh Tường,xã,12,1650,47315,26.2,"Đường Lê Xoay, xã Vĩnh Tường, tỉnh Phú Thọ (Trụ sở UBND huyện Vĩnh Tường cũ)","Thị trấn Vĩnh Tường, Thị trấn Tứ Trưng, Xã Lương Điền, Xã Vũ Di",105.52,21.2269
tỉnh Phú Thọ,Vĩnh Yên,phường,12,1621,56428,25,"Đảng ủy-HĐND-UBND: Số 9A, đường Lê Lợi, phường Vĩnh Yên, tỉnh Phú Thọ (Trụ sở UBND TP Vĩnh Yên cũ)
Trung tâm Hành chính công: Số 5 đường Lê Lợi, phường Vĩnh Yên, tỉnh Phú Thọ","Phường Tích Sơn, Phường Hội Hợp, Phường Đồng Tâm, Xã Thanh Trù",105.584,21.2937
tỉnh Phú Thọ,Võ Miếu,xã,12,1595,28853,96.36,Trụ sở xã Võ Miếu,"Xã Địch Quả, Xã Cự Thắng, Xã Võ Miếu",105.159,21.1341
tỉnh Phú Thọ,Xuân Đài,xã,12,1598,15073,209.6,Trụ sở xã Kim Thượng cũ,"Xã Kim Thượng, Xã Xuân Sơn, Xã Xuân Đài",104.97,21.1149
tỉnh Phú Thọ,Xuân Hòa,phường,12,1624,55237,96,"Đường Lê Duẩn, khu Đồng Đầm, phường Xuân Hòa, tỉnh Phú Thọ (Trụ sở xã Ngọc Thanh cũ)","Phường Đồng Xuân, Phường Xuân Hòa, Xã Cao Minh, Xã Ngọc Thanh",105.735,21.3408
tỉnh Phú Thọ,Xuân Lãng,xã,12,1644,48186,29.9,Trụ sở thị trấn Đạo Đức cũ,"Thị trấn Thanh Lãng, Thị trấn Đạo Đức, Xã Tân Phong, Xã Phú Xuân",105.624,21.254
tỉnh Phú Thọ,Xuân Lũng,xã,12,1585,20604,24.03,Trụ sở xã Xuân Lũng,"Xã Tiên Kiên, Xã Xuân Huy, Xã Xuân Lũng",105.282,21.379
tỉnh Phú Thọ,Xuân Viên,xã,12,1572,14428,46.19,Trụ sở xã Xuân Viên,"Xã Xuân Thủy (huyện Yên Lập), Xã Xuân An, Xã Xuân Viên",104.993,21.4047
tỉnh Phú Thọ,Yên Kỳ,xã,12,1561,20973,53.58,Trụ sở UBND xã Yên Kỳ trước sáp nhập,"Xã Hương Xạ, Xã Phương Viên, Xã Yên Kỳ",105.087,21.5613
tỉnh Phú Thọ,Yên Lạc,xã,12,1645,39730,21.7,"154 DT305, xã Yên Lạc, tỉnh Phú Thọ (Trụ sở UBND huyện Yên Lạc cũ)","Thị trấn Yên Lạc, Xã Bình Định, Xã Đồng Cương",105.588,21.2559
tỉnh Phú Thọ,Yên Lãng,xã,12,1626,18459,38.2,Trụ sở xã Lãng Công cũ,"Xã Quang Yên, Xã Lãng Công",105.384,21.495
tỉnh Phú Thọ,Yên Lập,xã,12,1602,29678,69.05,Trụ sở HĐND - UBND huyện Yên Lập cũ,"Thị trấn Yên Lập, Xã Đồng Thịnh (huyện Yên Lập), Xã Hưng Long, Xã Đồng Lạc",105.072,21.3378
tỉnh Phú Thọ,Yên Phú,xã,12,1682,19850,63.7,Trụ sở xã Yên Phú,"Xã Bình Hẻm, Xã Xuất Hóa, Xã Yên Phú",105.487,20.4929
tỉnh Phú Thọ,Yên Sơn,xã,12,1576,16064,75.52,Trụ sở xã Tinh Nhuệ cũ,"Xã Tinh Nhuệ, Xã Lương Nha, Xã Yên Sơn",105.285,20.9602
tỉnh Phú Thọ,Yên Thủy,xã,12,1685,24012,76.19,"Khu phố Tân Bình, số 26 đường Hùng Vương, xã Yên Thủy, tỉnh Phú Thọ (Trụ sở UBND huyện Yên Thủy cũ)","Thị trấn Hàng Trạm, Xã Lạc Thịnh, Xã Phú Lai",105.602,20.3865
tỉnh Phú Thọ,Yên Trị,xã,12,1681,19198,89.21,Trụ sở UBND xã Yên Trị,"Xã Đoàn Kết (huyện Yên Thủy), Xã Hữu Lợi, Xã Ngọc Lương, Xã Yên Trị",105.678,20.3708
