tentinh,tenxa,loai,matinh,maxa,danso,dientich_km2,trungtam_hc,truoc_sapnhap,kinhdo,vido
tỉnh Sơn La,Bắc Yên,xã,15,1374,21825,195.23,"Tiểu khu 3, xã Bắc Yên, tỉnh Sơn La","Thị trấn Bắc Yên, Xã Phiêng Ban, Xã Hồng Ngài, Xã Song Pe",104.439,21.2069
tỉnh Sơn La,Bình Thuận,xã,15,1318,17128,121.78,"Bản Kiến Xương, xã Bình Thuận, tỉnh Sơn La","Xã Phổng Lái, Xã Chiềng Pha",103.604,21.5671
tỉnh Sơn La,Bó Sinh,xã,15,1412,16461,153.83,"Bản Phống 2, xã Bó Sinh, tỉnh Sơn La","Xã Pú Bẩu, Xã Chiềng En, Xã Bó Sinh",103.49,21.2218
tỉnh Sơn La,Chiềng An,phường,15,1311,20322,149.08,"Bản Bó, phường Chiềng An, tỉnh Sơn La.","Phường Chiềng An, Xã Chiềng Xôm, Xã Chiềng Đen",103.895,21.3856
tỉnh Sơn La,Chiềng Cơi,phường,15,1310,22694,93.56,"Số 55, đường Hoàng Quốc Việt, phường Chiềng Cơi, tỉnh Sơn La.","Phường Chiềng Cơi, Xã Hua La, Xã Chiềng Cọ",103.876,21.2976
tỉnh Sơn La,Chiềng Hặc,xã,15,1399,18721,239.91,"Bản Suối Sét, xã Chiềng Hặc, tỉnh Sơn La","Xã Tú Nang, Xã Mường Lựm, Xã Chiềng Hặc",104.433,20.9898
tỉnh Sơn La,Chiềng Hoa,xã,15,1373,17644,296.48,"Bản Tả, xã Chiềng Hoa, tỉnh Sơn La","Xã Chiềng Ân, Xã Chiềng Công, Xã Chiềng Hoa",104.204,21.4603
tỉnh Sơn La,Chiềng Khoong,xã,15,1416,23222,253.87,"Bản Lướt, xã Chiềng Khoong, tỉnh Sơn La","Xã Mường Cai, Xã Chiềng Khoong",103.767,20.9598
tỉnh Sơn La,Chiềng Khương,xã,15,1419,18712,149.82,"Bản Hưng Hà, xã Chiềng Khương, tỉnh Sơn La","Xã Mường Sai, Xã Chiềng Khương",103.987,20.9519
tỉnh Sơn La,Chiềng La,xã,15,1320,20373,126.13,"Bản Huổi Lọng, xã Chiềng La, tỉnh Sơn La","Xã Chiềng Ngàm, Xã Nong Lay, Xã Tông Cọ, Xã Chiềng La",103.754,21.4872
tỉnh Sơn La,Chiềng Lao,xã,15,1370,2101,358.55,"Nhập xã Nậm Giôn, xã Chiềng Lao và xã Hua Trai","Xã Nậm Giôn, Xã Hua Trai, Xã Chiềng Lao",103.904,21.636
tỉnh Sơn La,Chiềng Mai,xã,15,1406,23786,151.85,"Bản Ban, xã Chiềng Mai, tỉnh Sơn La","Xã Chiềng Ban, Xã Chiềng Kheo, Xã Chiềng Dong, Xã Chiềng Ve, Xã Chiềng Mai",103.977,21.1813
tỉnh Sơn La,Chiềng Mung,xã,15,1405,27797,142.14,"Bản Phát, xã Chiềng Mung, tỉnh Sơn La","Xã Mường Bằng, Xã Mường Bon, Xã Chiềng Mung",104.07,21.255
tỉnh Sơn La,Chiềng Sại,xã,15,1379,672,124.55,"Bản En, xã Chiềng Sại, tỉnh Sơn La","Xã Phiêng Côn, Xã Chiềng Sại",104.474,21.0745
tỉnh Sơn La,Chiềng Sinh,phường,15,1312,27099,68.4,"Điểm tiếp nhận tại trụ sở chính: Số 486, đường Lê Duẩn, Tổ 3, phường Chiềng Sinh, tỉnh Sơn La
Điểm tiếp nhận tại trụ sở UBND xã Chiềng Ngần (cũ): Bản Phường, phường Chiềng Sinh, tỉnh Sơn La","Phường Chiềng Sinh, Xã Chiềng Ngần",103.978,21.3052
tỉnh Sơn La,Chiềng Sơ,xã,15,1415,17145,140.31,"Bản Luấn, xã Chiềng Sơ, tỉnh Sơn La","Xã Yên Hưng, Xã Chiềng Sơ",103.597,21.1463
tỉnh Sơn La,Chiềng Sơn,xã,15,1389,14155,204.9,"Tiểu khu 4, xã Chiềng Sơn, tỉnh Sơn La","Xã Chiềng Xuân, Xã Chiềng Sơn",104.651,20.7236
tỉnh Sơn La,Chiềng Sung,xã,15,1403,14171,109.28,"Bản Nong Bình, xã Chiềng Sung, tỉnh Sơn La","Xã Chiềng Chăn, Xã Chiềng Sung",104.106,21.2962
tỉnh Sơn La,Co Mạ,xã,15,1366,1456,214.28,"Bản Co Mạ, xã Co Mạ, Tỉnh Sơn La","Xã Co Tòng, Xã Pá Lông, Xã Co Mạ",103.53,21.3251
tỉnh Sơn La,Đoàn Kết,xã,15,1388,17938,240.66,"Tiểu khu 3, xã Đoàn Kết, tỉnh Sơn La","Xã Chiềng Chung (thị xã Mộc Châu), Xã Đoàn Kết",104.735,20.948
tỉnh Sơn La,Gia Phù,xã,15,1383,21929,111.32,"Bản Tân Ba, xã Gia Phù, Tỉnh Sơn La","Xã Tường Phù, Xã Suối Bau, Xã Sập Xa, Xã Gia Phù",104.561,21.1914
tỉnh Sơn La,Huổi Một,xã,15,1417,12349,240.66,"Bản Pá Mằn, xã Huổi Một, tỉnh Sơn La","Xã Nậm Mằn, Xã Huổi Một",103.634,21.0371
tỉnh Sơn La,Kim Bon,xã,15,1385,9873,104.51,"Bản Kim Bon, xã Kim Bon, tỉnh Sơn La","Xã Đá Đỏ, Xã Kim Bon",104.588,21.1046
tỉnh Sơn La,Long Hẹ,xã,15,1365,8473,158.4,"Bản Nong Lạnh, xã Long Hẹ, tỉnh Sơn La","Xã É Tòng, Xã Long Hẹ",103.499,21.4304
tỉnh Sơn La,Lóng Phiêng,xã,15,1401,11152,147.81,đang cập nhật,"Xã Chiềng Tương, Xã Lóng Phiêng",104.386,20.8865
tỉnh Sơn La,Lóng Sập,xã,15,1394,9629,211.3,đang cập nhật,"Xã Chiềng Khừa, Xã Lóng Sập",104.507,20.8017
tỉnh Sơn La,Mai Sơn,xã,15,1407,52361,164.4,"Tiểu khu 4, xã Mai Sơn, tỉnh Sơn La","Thị trấn Hát Lót, Xã Hát Lót, Xã Cò Nòi",104.168,21.1465
tỉnh Sơn La,Mộc Châu,phường,15,3328,21087,167.62,"Tổ dân phố 5, Phường Mộc Châu, tỉnh Sơn La","Phường Mộc Lỵ, Phường Mường Sang, Xã Chiềng Hắc",104.564,20.892
tỉnh Sơn La,Mộc Sơn,phường,15,1395,15025,37.88,"Tổ dân phố 4, phường Mộc Sơn, tỉnh Sơn La","Phường Đông Sang, Phường Mộc Sơn",104.626,20.8286
tỉnh Sơn La,Muổi Nọi,xã,15,1368,15633,128.7,"Bản Muổi Nọi A, Xã Muổi Nọi, tỉnh Sơn La","Xã Bản Lầm, Xã Bon Phặng, Xã Muổi Nọi",103.785,21.253
tỉnh Sơn La,Mường Bám,xã,15,1364,10731,76.16,"Bản Nà Hát, xã Mường Bám, tỉnh Sơn La",Không sáp nhập,103.39,21.3817
tỉnh Sơn La,Mường Bang,xã,15,1386,12831,270.15,"Bản Lằn, xã Mường Bang, tỉnh Sơn La","Xã Mường Do, Xã Mường Lang, Xã Mường Bang",104.806,21.168
tỉnh Sơn La,Mường Bú,xã,15,1372,25284,213.65,"Bản Giàn, xã Mường Bú, tỉnh Sơn La","Xã Mường Chùm, Xã Tạ Bú, Xã Mường Bú",104.045,21.4092
tỉnh Sơn La,Mường Chanh,xã,15,1404,3894,65.48,"Bản Cang Mường, xã Mường Chanh, tỉnh Sơn La","Xã Chiềng Chung (huyện Mai Sơn), Xã Mường Chanh",103.879,21.206
tỉnh Sơn La,Mường Chiên,xã,15,1313,14028,382.2,"Bản Có Nàng, xã Mường Chiên, tỉnh Sơn La","Xã Chiềng Khay, Xã Cà Nàng, Xã Mường Chiên",103.596,21.9135
tỉnh Sơn La,Mường Cơi,xã,15,1382,19557,194.98,"Bản Ngã Ba, xã Mường Cơi, tỉnh Sơn La","Xã Mường Thải, Xã Tân Lang, Xã Mường Cơi",104.74,21.315
tỉnh Sơn La,Mường É,xã,15,1319,14858,139.91,đang cập nhật,"Xã Phổng Lập, Xã Mường É",103.56,21.4995
tỉnh Sơn La,Mường Giôn,xã,15,1314,16145,290.54,"Bản Chiềng Lề, xã Mường Giôn, tỉnh Sơn La","Xã Pá Ma Pha Khinh, Xã Mường Giôn",103.675,21.773
tỉnh Sơn La,Mường Hung,xã,15,1418,24613,226.09,"Bản Cát, xã Mường Hung, tỉnh Sơn La","Xã Chiềng Cang, Xã Mường Hung",103.875,20.9653
tỉnh Sơn La,Mường Khiêng,xã,15,1321,2457,204.2,"Bản Khiêng, xã Mường Khiêng, tỉnh Sơn La","Xã Liệp Tè, Xã Bó Mười, Xã Mường Khiêng",103.879,21.4878
tỉnh Sơn La,Mường La,xã,15,1369,32712,341.86,"Tiểu khu 3, xã Mường La, tỉnh Sơn La","Thị trấn Ít Ong, Xã Nặm Păm, Xã Chiềng San, Xã Chiềng Muôn, Xã Mường Trai, Xã Pi Toong",104.05,21.5406
tỉnh Sơn La,Mường Lầm,xã,15,1413,15647,167.1,"Bản Mường Cang, xã Mường Lầm, Tinh Sơn La","Xã Đứa Mòn, Xã Mường Lầm",103.449,21.1067
tỉnh Sơn La,Mường Lạn,xã,15,1423,10901,264.89,"Bản Mường Lạn, xã Mường Lạn, tỉnh Sơn La",Không sáp nhập,103.709,20.7685
tỉnh Sơn La,Mường Lèo,xã,15,1422,4277,375.76,"Bản Mạt, xã Mường Lèo, tỉnh Sơn La",Không sáp nhập,103.351,20.8929
tỉnh Sơn La,Mường Sại,xã,15,1316,9557,122.94,"Bản Nong, xã Mường Sại, tỉnh Sơn La","Xã Nặm Ét, Xã Mường Sại",103.741,21.594
tỉnh Sơn La,Nậm Lầu,xã,15,1367,18095,247.63,"Bản Tra, xã Nậm Lầu, tỉnh Sơn La","Xã Chiềng Bôm, Xã Púng Tra, Xã Nậm Lầu",103.685,21.3439
tỉnh Sơn La,Nậm Ty,xã,15,1414,16679,201.89,"Bản Pàn, Xã Nậm Ty, tỉnh Sơn La","Xã Chiềng Phung, Xã Nậm Ty",103.653,21.2238
tỉnh Sơn La,Ngọc Chiến,xã,15,1371,12021,212.19,"Bản Đông Xuông, xã Ngọc Chiến, tỉnh Sơn La",Không sáp nhập,104.216,21.6149
tỉnh Sơn La,Pắc Ngà,xã,15,1377,13274,122.59,"Bản Bước, xã Pắc Ngà, tỉnh Sơn La","Xã Chim Vàn, Xã Pắc Ngà",104.22,21.3231
tỉnh Sơn La,Phiêng Cằm,xã,15,1408,14459,280.33,"Bản Nong Tầu Thái, xã Phiêng Cằm, tỉnh Sơn La","Xã Chiềng Nơi, Xã Phiêng Cằm",103.843,21.124
tỉnh Sơn La,Phiêng Khoài,xã,15,1402,12424,103.77,"Bản Kim chung 1, xã Phiêng Khoài, tỉnh Sơn La",Không sáp nhập,104.281,20.9546
tỉnh Sơn La,Phiêng Pằn,xã,15,1409,24685,320.65,"Bản Kết Hay, xã Phiêng Pằn, tỉnh Sơn La","Xã Nà Ớt, Xã Chiềng Lương, Xã Phiêng Pằn",104.061,21.0585
tỉnh Sơn La,Phù Yên,xã,15,1380,47299,117.98,"Tiểu Khu 2, xã Phù Yên, tỉnh Sơn La","Thị trấn Quang Huy, Xã Huy Hạ, Xã Huy Tường, Xã Huy Tân, Xã Huy Thượng",104.656,21.2433
tỉnh Sơn La,Púng Bánh,xã,15,1420,17264,364.64,"Bản Kéo Hin, xã Púng Bánh, tỉnh Sơn la","Xã Dồm Cang, Xã Sam Kha, Xã Púng Bánh",103.448,21.0027
tỉnh Sơn La,Quỳnh Nhai,xã,15,1315,đang cập nhật,30.554,"Tiểu khu 1, xã Quỳnh Nhai, tỉnh Sơn La","Thị trấn Mường Giàng, Xã Chiềng Bằng, Xã Chiềng Khoang, Xã Chiềng Ơn",103.662,21.6436
tỉnh Sơn La,Song Khủa,xã,15,1391,15845,192.45,"Bản Lóng Khủa, xã Song Khủa, tỉnh Sơn La","Xã Mường Tè, Xã Liên Hòa, Xã Quang Minh, Xã Song Khủa",104.913,20.9154
tỉnh Sơn La,Sông Mã,xã,15,1411,26179,105.99,"Tổ dân phố 5, xã Sông Mã, tỉnh Sơn La","Thị trấn Sông Mã, Xã Nà Nghịu",103.733,21.0923
tỉnh Sơn La,Sốp Cộp,xã,15,1421,24086,466.95,"Bản Hua Mường, xã Sốp Cộp, tỉnh Sơn La","Xã Mường Và, Xã Nậm Lạnh, Xã Sốp Cộp",103.569,20.8366
tỉnh Sơn La,Suối Tọ,xã,15,1381,6343,177.49,"Bản Lũng Khoai, xã Suối Tọ, tỉnh Sơn La",Không sáp nhập,104.599,21.3268
tỉnh Sơn La,Tà Hộc,xã,15,1410,13692,149.56,"Tiểu khu 8, xã Nà Bó, tỉnh Sơn La","Xã Nà Bó, Xã Tà Hộc",104.192,21.238
tỉnh Sơn La,Tạ Khoa,xã,15,1378,15522,191.88,"Bản Phúc, xã Tạ Khoa, tỉnh Sơn La","Xã Mường Khoa, Xã Hua Nhàn, Xã Tạ Khoa",104.336,21.165
tỉnh Sơn La,Tà Xùa,xã,15,1376,11199,233.67,"Bản Tà Xùa, xã Tà Xùa, tỉnh Sơn La","Xã Làng Chếu, Xã Háng Đồng, Xã Tà Xùa",104.47,21.3119
tỉnh Sơn La,Tân Phong,xã,15,1387,6787,135.45,"Bản Vạn, xã Tân Phong, tỉnh Sơn La","Xã Bắc Phong, Xã Nam Phong, Xã Tân Phong",104.733,21.0862
tỉnh Sơn La,Tân Yên,xã,15,1390,1838,192.79,"Tiểu khu 12, xã Tân Yên, tỉnh Sơn La",Không sáp nhập,104.608,20.9867
tỉnh Sơn La,Thảo Nguyên,phường,15,1451,22479,53.09,"Tổ dân phố 40, phường Thảo Nguyên, tỉnh Sơn La","Phường Cờ Đỏ, Phường Thảo Ngu yên",104.687,20.8722
tỉnh Sơn La,Thuận Châu,xã,15,1317,46958,132.83,"Tiểu khu 7, xã Thuận Châu, tỉnh Sơn La","Thị trấn Thuận Châu, Xã Phổng Ly, Xã Thôm Mòn, Xã Tông Lạnh, Xã Chiềng Pấc",103.698,21.451
tỉnh Sơn La,Tô Hiệu,phường,15,1309,51293,11.92,"Số 89, đường Lê Thái Tông, phường Tô Hiệu, tỉnh Sơn La","Phường Quyết Thắng, Phường Quyết Tâm, Phường Chiềng Lề, Phường Tô Hiệu",103.921,21.3273
tỉnh Sơn La,Tô Múa,xã,15,1393,14701,181.98,"Bản Mến, xã Tô Múa, tỉnh Sơn La","Xã Chiềng Khoa, Xã Suối Bàng, Xã Tô Múa",104.822,20.9151
tỉnh Sơn La,Tường Hạ,xã,15,1384,14076,120.85,"Bản Cóc 1, xã Tường Hạ, tỉnh Sơn La","Xã Tường Thượng, Xã Tường Phong, Xã Tường Tiến, Xã Tường Hạ",104.676,21.1461
tỉnh Sơn La,Vân Hồ,xã,15,1396,24998,268.4,"Bản Suối Lìn, xã Vân Hồ, tỉnh Sơn La","Xã Lóng Luông, Xã Chiềng Yên, Xã Mường Men, Xã Vân Hồ",104.94,20.7914
tỉnh Sơn La,Vân Sơn,phường,15,3307,15917,39.61,"Tổ Dân phố đoàn kết, Phường Vân Sơn, tỉnh Sơn La","Phường Bình Minh, Phường Vân Sơn",104.721,20.8226
tỉnh Sơn La,Xím Vàng,xã,15,1375,7596,232.35,"Bản Hang Chú, xã Xím Vàng, tỉnh Sơn La","Xã Hang Chú, Xã Xí m Vàng",104.32,21.3584
tỉnh Sơn La,Xuân Nha,xã,15,1397,10127,263.37,"Bản Thín, xã Xuân Nha, tỉnh Sơn La","Xã Tân Xuân, Xã Xuân Nha",104.756,20.6658
tỉnh Sơn La,Yên Châu,xã,15,1398,33061,246.55,"Tiểu Khu 3, xã Yên Châu, tỉnh Sơn La","Thị trấn Yên Châu, Xã Chiềng Đông, Xã Chiềng Sàng, Xã Chiềng Pằn, Xã Chiềng Khoi, Xã Sặp Vạt",104.283,21.0768
tỉnh Sơn La,Yên Sơn,xã,15,1400,12614,116.62,"Bản Chiềng Hưng, xã Yên Sơn, tỉnh Sơn La","Xã Chiềng On, Xã Yên Sơn",104.184,21
