tentinh,tenxa,loai,matinh,maxa,danso,dientich_km2,trungtam_hc,truoc_sapnhap,kinhdo,vido
tỉnh Thanh Hóa,An Nông,xã,16,2689,"28,717",22.79,Xã Nông Trường,"Xã Tiến Nông, Xã Khuyến Nông, Xã Nông Trường, Xã An Nông",105.637,19.7943
tỉnh Thanh Hóa,Ba Đình,xã,16,2660,20696,27.22,Trụ sở xã Nga Trường,"Xã Nga Vịnh, Xã Nga Trường, Xã Nga Thiện, Xã Ba Đình",105.954,20.0327
tỉnh Thanh Hóa,Bá Thước,xã,16,2665,21442,106.1,Huyện Bá Thước,"Thị trấn Cành Nàng, Xã Ban Công, Xã Hạ Trung",105.229,20.3797
tỉnh Thanh Hóa,Bát Mọt,xã,16,2607,4174,205.72,Xã Bát Mọt,Không sáp nhập,105.018,20.014
tỉnh Thanh Hóa,Biện Thượng,xã,16,2632,31917,65.4,"Trụ sở xã Vĩnh Minh (đảng ủy, đoàn thể); Trụ sở xã Minh Tân (chính quyền)","Xã Vĩnh Hùng, Xã Minh Tân, Xã Vĩnh Thịnh, Xã Vĩnh An",105.722,20.0184
tỉnh Thanh Hóa,Bỉm Sơn,phường,16,2656,45997,51.84,Trụ sở thị xã Bỉm Sơn,"Phường Đông Sơn, Phường Lam Sơn, Phường Ba Đình (thị xã Bỉm Sơn), Xã Hà Vinh",105.912,20.074
tỉnh Thanh Hóa,Các Sơn,xã,16,2573,21462,46.88,Trụ sở xã Các Sơn,"Xã Anh Sơn, Xã Các Sơn",105.718,19.5146
tỉnh Thanh Hóa,Cẩm Tân,xã,16,2664,21084,66.63,Xã Cẩm Tân,"Xã Cẩm Long, Xã Cẩm Phú, Xã Cẩm Tân",105.558,20.1551
tỉnh Thanh Hóa,Cẩm Thạch,xã,16,2673,31878,106.64,Xã Cẩm Thạch,"Xã Cẩm Thành, Xã Cẩm Liên, Xã Cẩm Bình, Xã Cẩm Thạch",105.384,20.206
tỉnh Thanh Hóa,Cẩm Thủy,xã,16,2661,30525,64.42,Huyện Cẩm Thủy,"Thị trấn Phong Sơn, Xã Cẩm Ngọc",105.498,20.2084
tỉnh Thanh Hóa,Cẩm Tú,xã,16,2662,26049,98.09,Xã Cẩm Giang,"Xã Cẩm Quý, Xã Cẩm Giang, Xã Cẩm Lương, Xã Cẩm Tú",105.441,20.2781
tỉnh Thanh Hóa,Cẩm Vân,xã,16,2663,22794,88.71,Xã Cẩm Tâm,"Xã Cẩm Tâm, Xã Cẩm Châu, Xã Cẩm Yên, Xã Cẩm Vân",105.484,20.1347
tỉnh Thanh Hóa,Cổ Lũng,xã,16,2671,9726,127.05,Xã Lũng Cao,"Xã Lũng Cao, Xã Cổ Lũng",105.185,20.4865
tỉnh Thanh Hóa,Công Chính,xã,16,2574,29201,54.24,Trụ sở xã Công Liêm,"Xã Công Liêm, Xã Yên Mỹ, Xã Công Chính, Xã Thanh Tân",105.668,19.5352
tỉnh Thanh Hóa,Đào Duy Từ,phường,16,2570,26206,42.86,đang cập nhật,"Phường Nguyên Bình, Phường Xuân Lâm",105.737,19.4387
tỉnh Thanh Hóa,Điền Lư,xã,16,2668,21015,66.54,Xã Điền Lư,"Xã Ái Thượng, Xã Điền Trung, Xã Điền Lư",105.315,20.291
tỉnh Thanh Hóa,Điền Quang,xã,16,2666,16611,103.67,Xã Điền Quang,"Xã Điền Thượng, Xã Điền Hạ, Xã Điền Quang",105.275,20.2472
tỉnh Thanh Hóa,Định Hòa,xã,16,2634,28413,37.71,Trụ sở xã Định Hòa,"Xã Định Bình, Xã Định Công, Xã Định Thành, Xã Định Hòa, Xã Thiệu Long",105.678,19.9583
tỉnh Thanh Hóa,Định Tân,xã,16,2635,28406,30.67,Trụ sở xã Định Tân,"Xã Định Hải (huyện Yên Định), Xã Định Hưng, Xã Định Tiến, Xã Định Tân",105.689,19.9881
tỉnh Thanh Hóa,Đồng Lương,xã,16,2740,11875,76.1,Xã Đồng Lương,"Xã Tân Phúc (huyện Lang Chánh), Xã Đồng Lương",105.221,20.1879
tỉnh Thanh Hóa,Đông Quang,phường,16,2586,61214,48.6,"Trụ sở phường An Hưng (Đảng ủy, đoàn thể) và Trụ sở xã Đông Văn (Chính quyền)","Phường Quảng Thắng, Xã Đông Vinh, Xã Đông Quang, Xã Đông Yên, Xã Đông Văn, Xã Đông Phú, Xã Đông Nam, Phường An Hưng",105.73,19.7689
tỉnh Thanh Hóa,Đông Sơn,phường,16,2591,5895,41.71,"Trụ sở Huyện ủy huyện Đông Sơn (Đảng ủy, đoàn thể) và Trụ sở UBND huyện Đông Sơn (Chính quyền)","Phường Rừng Thông, Phường Đông Thịnh, Phường Đông Tân, Xã Đông Hòa, Xã Đông Minh, Xã Đông Hoàng, Xã Đông Khê, Xã Đông Ninh",105.694,19.8153
tỉnh Thanh Hóa,Đông Thành,xã,16,2639,30307,26.38,Trụ sở xã Cầu Lộc,"Xã Đồng Lộc, Xã Thành Lộc, Xã Cầu Lộc, Xã Tuy Lộc",105.872,19.9655
tỉnh Thanh Hóa,Đông Tiến,phường,16,2590,57844,41.97,"Trụ sở Phường Đông Lĩnh (Đảng ủy, đoàn thể) và Trụ sở Phường Đông Tiên (Chính quyền)","Phường Đông Lĩnh, Phường Thiệu Khánh, Xã Đông Thanh, Xã Thiệu Vân, Xã Tân Châu, Xã Thiệu Giao, Xã Đông Tiến",105.727,19.8511
tỉnh Thanh Hóa,Đồng Tiến,xã,16,2677,22945,19.96,Xã Đồng Tiến,"Xã Đồng Lợi, Xã Đồng Thắng, Xã Đồng Tiến",105.679,19.768
tỉnh Thanh Hóa,Giao An,xã,16,2739,8329,113.88,Xã Giao Thiện,"Xã Giao Thiện, Xã Giao An",105.232,20.0553
tỉnh Thanh Hóa,Hà Long,xã,16,2658,23247,65.43,Trụ sở thị trấn Hà Long và trụ sở xã Hà Giang,"Thị trấn Hà Long, Xã Hà Bắc, Xã Hà Giang",105.814,20.1011
tỉnh Thanh Hóa,Hà Trung,xã,16,2637,30151,34.14,Trụ sở Huyện ủy và trụ sở HĐND và UBND huyện Hà Trung,"Xã Hà Đông, Xã Hà Ngọc, Xã Yến Sơn, Thị trấn Hà Trung, Xã Hà Bình",105.837,19.9916
tỉnh Thanh Hóa,Hạc Thành,phường,16,2592,197142,24.63,Trụ sở UBND tỉnh,"Phường Phú Sơn, Phường Lam Sơn, Phường Ba Đình, Phường Ngọc Trạo, Phường Đông Sơn (thành phố Thanh Hóa), Phường Trường Thi, Phường Điện Biên, Phường Đông Hương, Phường Đông Hải, Phường Đông Vệ, Phường Đông Thọ, Phường An Hưng",105.789,19.8028
tỉnh Thanh Hóa,Hải Bình,phường,16,2572,3367,37.74,Trụ sở phường Mai Lâm,"Phường Mai Lâm, Phường Tĩnh Hải, Phường Hải Bình",105.763,19.366
tỉnh Thanh Hóa,Hải Lĩnh,phường,16,2569,1833,41.18,Trụ sở phường Hải Lĩnh,"Xã Định Hải (thị xã Nghi Sơn), Phường Ninh Hải, Phường Hải Lĩnh",105.75,19.4926
tỉnh Thanh Hóa,Hàm Rồng,phường,16,2593,63166,20.88,"Trụ sở Phường Nam Ngạn (Đảng ủy, đoàn thể) và Trụ sở Phường Đông Cương (Chính quyền)","Phường Thiệu Dương, Phường Đông Cương, Phường Nam Ngạn, Phường Hàm Rồng, Phường Đông Thọ",105.774,19.8431
tỉnh Thanh Hóa,Hậu Lộc,xã,16,2636,33315,24.92,Trụ sở huyện Hậu Lộc,"Thị trấn Hậu Lộc, Xã Thuần Lộc, Xã Mỹ Lộc, Xã Lộc Sơn",105.873,19.9162
tỉnh Thanh Hóa,Hiền Kiệt,xã,16,2707,7217,140.29,Xã Hiền Chung,"Xã Hiền Chung, Xã Hiền Kiệt",104.816,20.4342
tỉnh Thanh Hóa,Hồ Vương,xã,16,2646,27063,19.28,Trụ sở xã Nga Hải,"Xã Nga Hải, Xã Nga Thành, Xã Nga Giáp, Xã Nga Liên",106.001,20.0213
tỉnh Thanh Hóa,Hoa Lộc,xã,16,2641,41417,34.69,Trụ sở xã Hoa Lộc,"Xã Xuân Lộc (huyện Hậu Lộc), Xã Liên Lộc, Xã Quang Lộc, Xã Phú Lộc, Xã Hòa Lộc, Xã Hoa Lộc",105.916,19.9203
tỉnh Thanh Hóa,Hóa Quỳ,xã,16,2703,11995,116.65,Xã Hóa Quỳ,"Xã Bình Lương, Xã Hóa Quỳ",105.394,19.6367
tỉnh Thanh Hóa,Hoằng Châu,xã,16,2618,33857,33.31,Trụ sở xã Hoằng Phong và xã Hoằng Lưu,"Xã Hoằng Thắng, Xã Hoằng Phong, Xã Hoằng Lưu, Xã Hoằng Châu",105.887,19.8049
tỉnh Thanh Hóa,Hoằng Giang,xã,16,2605,32533,30.53,Trụ sở UBND xã Hoằng Giang mới và trụ sở UBND xã Hoằng Giang cũ,"Xã Hoằng Xuân, Xã Hoằng Quỳ, Xã Hoằng Hợp, Xã Hoằng Giang",105.774,19.9146
tỉnh Thanh Hóa,Hoằng Hóa,xã,16,2594,43831,35.16,Trụ sở Cơ quan Huyện ủy và UBND huyện,"Thị trấn Bút Sơn, Xã Hoằng Đức, Xã Hoằng Đồng, Xã Hoằng Đạo, Xã Hoằng Hà, Xã Hoằng Đạt",105.858,19.8555
tỉnh Thanh Hóa,Hoằng Lộc,xã,16,2620,36277,20.57,Trụ sở xã Hoằng Thành và xã Hoằng Lộc,"Xã Hoằng Thịnh, Xã Hoằng Thái, Xã Hoằng Thành, Xã Hoằng Trạch, Xã Hoằng Tân, Xã Hoằng Lộc",105.852,19.8075
tỉnh Thanh Hóa,Hoằng Phú,xã,16,2627,23006,15.5,Trụ sở xã Hoằng Kim và xã Hoằng Phú,"Xã Hoằng Quý, Xã Hoằng Kim, Xã Hoằng Trung, Xã Hoằng Phú",105.805,19.9059
tỉnh Thanh Hóa,Hoằng Sơn,xã,16,2617,27567,21.9,Trụ sở xã Hoằng Xuyên và xã Hoằng Cát,"Xã Hoằng Trinh, Xã Hoằng Xuyên, Xã Hoằng Cát, Xã Hoằng Sơn",105.839,19.88
tỉnh Thanh Hóa,Hoằng Thanh,xã,16,2622,38386,23.24,Trụ sở xã Hoằng Đông và xã Hoằng Thanh,"Xã Hoằng Đông, Xã Hoằng Ngọc, Xã Hoằng Phụ, Xã Hoằng Thanh",105.914,19.8244
tỉnh Thanh Hóa,Hoằng Tiến,xã,16,2621,29687,23.79,Trụ sở xã Hoằng Tiến và xã Hoằng Hải,"Xã Hoằng Yến, Xã Hoằng Hải, Xã Hoằng Trường, Xã Hoằng Tiến",105.926,19.8679
tỉnh Thanh Hóa,Hoạt Giang,xã,16,2659,21561,27.34,Trụ sở xã Yên Dương và trụ sở xã Hà Bình,"Xã Yên Dương, Xã Hoạt Giang, Thị trấn Hà Trung, Xã Hà Bình",105.86,20.0367
tỉnh Thanh Hóa,Hồi Xuân,xã,16,2719,10432,117.25,Thị trấn Hồi Xuân,"Thị trấn Hồi Xuân, Xã Phú Nghiêm",105.107,20.3988
tỉnh Thanh Hóa,Hợp Tiến,xã,16,2688,33086,43.11,Xã Hợp Thành,"Xã Hợp Lý, Xã Hợp Thắng, Xã Hợp Thành, Xã Triệu Thành, Xã Hợp Tiến",105.545,19.7999
tỉnh Thanh Hóa,Kiên Thọ,xã,16,2713,22226,56.52,Xã Kiên Thọ,"Xã Phúc Thịnh, Xã Phùng Minh, Xã Kiên Thọ",105.405,19.9604
tỉnh Thanh Hóa,Kim Tân,xã,16,2647,4078,61.61,Huyện Thạch Thành,"Thị trấn Kim Tân, Xã Thành Hưng, Xã Thành Thọ, Xã Thạch Định, Xã Thành Trực, Xã Thành Tiến",105.671,20.1267
tỉnh Thanh Hóa,Lam Sơn,xã,16,2711,33117,24.9,Thị trấn Lam Sơn,"Thị trấn Lam Sơn, Xã Xuân Bái, Xã Thọ Xương",105.402,19.9098
tỉnh Thanh Hóa,Linh Sơn,xã,16,2737,12448,96,Huyện Lang Chánh,"Thị trấn Lang Chánh, Xã Trí Nang",105.196,20.1179
tỉnh Thanh Hóa,Lĩnh Toại,xã,16,2638,24888,30.48,Trụ sở xã Lĩnh Toại và trụ sở xã Hà Hải,"Xã Hà Hải, Xã Hà Châu, Xã Thái Lai, Xã Lĩnh Toại",105.896,20.0041
tỉnh Thanh Hóa,Luận Thành,xã,16,2611,1609,73.48,Xã Luận Thành,"Xã Xuân Cao, Xã Luận Thành, Xã Luận Khê",105.384,19.8287
tỉnh Thanh Hóa,Lương Sơn,xã,16,2615,9573,79.91,Xã Lương Sơn,Không sáp nhập,105.253,19.968
tỉnh Thanh Hóa,Lưu Vệ,xã,16,2579,40381,26.84,"Trụ sở Huyện ủy (đảng, đoàn thể) và Trụ sở UBND huyện (chính quyền)","Thị trấn Tân Phong, Xã Quảng Đức, Xã Quảng Định",105.792,19.7298
tỉnh Thanh Hóa,Mậu Lâm,xã,16,2678,18911,64.27,Xã Phú Nhuận,"Xã Phú Nhuận, Xã Mậu Lâm",105.598,19.6851
tỉnh Thanh Hóa,Minh Sơn,xã,16,2714,29388,81.77,Xã Minh Sơn,"Xã Minh Sơn (huyện Ngọc Lặc), Xã Lam Sơn, Xã Cao Ngọc, Xã Minh Tiến",105.391,20.0338
tỉnh Thanh Hóa,Mường Chanh,xã,16,2728,3894,65.48,Xã Mường Chanh,Không sáp nhập,104.467,20.4023
tỉnh Thanh Hóa,Mường Lát,xã,16,2726,7089,129.66,Huyện Mường Lát,Thị trấn Mường Lát,104.534,20.5218
tỉnh Thanh Hóa,Mường Lý,xã,16,2724,5878,83.99,Xã Mường Lý,Không sáp nhập,104.754,20.5551
tỉnh Thanh Hóa,Mường Mìn,xã,16,2735,2991,89.21,Xã Mường Mìn,Không sáp nhập,104.733,20.2524
tỉnh Thanh Hóa,Na Mèo,xã,16,2742,4174,127.43,Xã Na Mèo,Không sáp nhập,104.659,20.3
tỉnh Thanh Hóa,Nam Sầm Sơn,phường,16,2743,37572,18.48,Trụ sở UBND xã Đại Hùng ,"Phường Quảng Vinh, Xã Quảng Minh, Xã Đại Hùng, Xã Quảng Giao",105.847,19.7169
tỉnh Thanh Hóa,Nam Xuân,xã,16,2708,5852,131.4,Xã Nam Tiến,"Xã Nam Tiến, Xã Nam Xuân",104.938,20.4373
tỉnh Thanh Hóa,Nga An,xã,16,2655,2495,28.1,Trụ sở xã Nga An,"Xã Nga Điền, Xã Nga Phú, Xã Nga An",106.036,20.0465
tỉnh Thanh Hóa,Nga Sơn,xã,16,2644,47176,27.14,Trụ sở huyện Nga Sơn,"Thị trấn Nga Sơn, Xã Nga Yên, Xã Nga Thanh, Xã Nga Hiệp, Xã Nga Thủy",105.98,19.9881
tỉnh Thanh Hóa,Nga Thắng,xã,16,2643,26542,27.52,Trụ sở xã Nga Phượng,"Xã Nga Văn, Xã Nga Phượng, Xã Nga Thạch, Xã Nga Thắng",105.941,19.9836
tỉnh Thanh Hóa,Nghi Sơn,phường,16,2589,32939,42.82,Trụ sở xã Hải Thượng,"Phường Hải Thượng, Xã Hải Hà, Xã Nghi Sơn",105.782,19.32
tỉnh Thanh Hóa,Ngọc Lặc,xã,16,2696,39481,90.39,Huyện Ngọc Lặc,"Thị trấn Ngọc Lặc, Xã Mỹ Tân, Xã Thúy Sơn",105.336,20.108
tỉnh Thanh Hóa,Ngọc Liên,xã,16,2695,27782,79.99,Xã Ngọc Liên,"Xã Lộc Thịnh, Xã Cao Thịnh, Xã Ngọc Sơn, Xã Ngọc Trung, Xã Ngọc Liên",105.45,20.0779
tỉnh Thanh Hóa,Ngọc Sơn,phường,16,2624,47911,38.16,Trụ sở phường Hải Ninh,"Xã Thanh Sơn (thị xã Nghi Sơn), Xã Thanh Thủy, Phường Hải Châu, Phường Hải Ninh",105.781,19.5802
tỉnh Thanh Hóa,Ngọc Trạo,xã,16,2651,23475,79.62,Xã Thành An,"Xã Thành An, Xã Thành Long, Xã Thành Tâm, Xã Ngọc Trạo",105.733,20.091
tỉnh Thanh Hóa,Nguyệt Ấn,xã,16,2717,23462,98.52,Xã Nguyệt Ấn,"Xã Phùng Giáo, Xã Vân Am, Xã Nguyệt Ấn",105.324,20.0117
tỉnh Thanh Hóa,Nguyệt Viên,phường,16,2619,"34,399",22.3,"Trụ sở Phường Long Anh (Đảng ủy, đoàn thể) và Trụ sở Phường Hoằng Quang (Chính quyền)","Phường Tào Xuyên, Phường Long Anh, Phường Hoằng Quang, Phường Hoằng Đại",105.815,19.8305
tỉnh Thanh Hóa,Nhi Sơn,xã,16,2723,3514,38.67,Xã Nhi Sơn,Không sáp nhập,104.632,20.4818
tỉnh Thanh Hóa,Như Thanh,xã,16,2679,26231,84.07,Huyện Như Thanh,"Thị trấn Bến Sung, Xã Xuân Khang, Xã Hải Long, Xã Yên Thọ (huyện Như Thanh)",105.542,19.6563
tỉnh Thanh Hóa,Như Xuân,xã,16,2702,13496,69.87,Huyện Như Xuân,"Thị trấn Yên Cát, Xã Tân Bình",105.494,19.6426
tỉnh Thanh Hóa,Nông Cống,xã,16,2585,50439,50.7,Trụ sở huyện Nông Cống,"Thị trấn Nông Cống, Xã Vạn Thắng, Xã Vạn Hòa, Xã Vạn Thiện, Xã Minh Nghĩa, Xã Minh Khôi",105.659,19.6327
tỉnh Thanh Hóa,Phú Lệ,xã,16,2705,6677,139.5,Xã Phú Thanh,"Xã Phú Sơn (huyện Quan Hóa), Xã Phú Thanh, Xã Phú Lệ",104.995,20.5402
tỉnh Thanh Hóa,Phú Xuân,xã,16,2706,5166,102.36,Xã Phú Xuân,Không sáp nhập,105.022,20.4654
tỉnh Thanh Hóa,Pù Luông,xã,16,2669,9573,81.71,Xã Lũng Niêm,"Xã Thành Sơn (huyện Bá Thước), Xã Lũng Niêm, Xã Thành Lâm",105.137,20.4587
tỉnh Thanh Hóa,Pù Nhi,xã,16,2722,5922,65.72,Xã Pù Nhi,Không sáp nhập,104.57,20.45
tỉnh Thanh Hóa,Quan Sơn,xã,16,2729,7511,98.2,Huyện Quan Sơn,"Xã Trung Thượng, Thị trấn Sơn Lư",104.937,20.2777
tỉnh Thanh Hóa,Quảng Bình,xã,16,2583,38013,23.51,"Trụ Sở xã Quảng Bình (đảng, đoàn thể) và Trụ sở xã Quảng Lưu (chính quyền)","Xã Quảng Lưu, Xã Quảng Lộc, Xã Quảng Thái, Xã Quảng Bình",105.813,19.6739
tỉnh Thanh Hóa,Quang Chiểu,xã,16,2727,5986,109.88,Xã Quang Chiểu,Không sáp nhập,104.453,20.4602
tỉnh Thanh Hóa,Quảng Chính,xã,16,2577,30765,26.14,"Trụ sở xã Quảng Chính (đảng, đoàn thể) và Trụ sở xã Quảng Khê (chính quyền)","Xã Quảng Trường, Xã Quảng Khê, Xã Quảng Trung, Xã Quảng Chính",105.781,19.6315
tỉnh Thanh Hóa,Quảng Ngọc,xã,16,2582,33588,34.39,"Trụ sở xã Quảng Hợp (đảng, đoàn thể) và Trụ sở xã Quảng Ngọc (chính quyền)","Xã Quảng Hợp, Xã Quảng Văn, Xã Quảng Phúc, Xã Quảng Ngọc",105.748,19.6687
tỉnh Thanh Hóa,Quảng Ninh,xã,16,2584,2658,17.1,"Trụ Sở xã Quảng Nhân (đảng, đoàn thể) và Trụ sở xã Quảng Ninh (chính quyền)","Xã Quảng Nhân, Xã Quảng Hải, Xã Quảng Ninh",105.808,19.6992
tỉnh Thanh Hóa,Quảng Phú,phường,16,2580,77543,41.34,"Trụ sở phường Quảng Hưng (Đảng ủy, đoàn thể) và Trụ sở phường Quảng Phú (chính quyền)","Phường Quảng Hưng, Phường Quảng Tâm, Phường Quảng Thành, Phường Quảng Đông, Phường Quảng Thịnh, Phường Quảng Cát, Phường Quảng Phú",105.809,19.7709
tỉnh Thanh Hóa,Quang Trung,phường,16,2744,32808,29.22,Trụ sở phường Ngọc Trạo,"Phường Bắc Sơn, Phường Ngọc Trạo, Phường Phú Sơn, Xã Quang Trung (thị xã Bỉm Sơn)",105.851,20.0806
tỉnh Thanh Hóa,Quảng Yên,xã,16,2581,27768,24.92,"Trụ sở xã Quảng Trạch (đảng, đoàn thể) và Trụ sở xã Quảng Yên (chính quyền)","Xã Quảng Trạch, Xã Quảng Hòa, Xã Quảng Long, Xã Quảng Yên",105.74,19.7186
tỉnh Thanh Hóa,Quý Lộc,xã,16,2654,28549,38.01,Trụ sở thị trấn Quý Lộc,"Xã Yên Thọ (huyện Yên Định), Thị trấn Yên Lâm, Thị trấn Quý Lộc",105.527,20.0657
tỉnh Thanh Hóa,Quý Lương,xã,16,2670,15125,133.44,Xã Lương Trung,"Xã Lương Nội, Xã Lương Trung, Xã Lương Ngoại",105.357,20.3455
tỉnh Thanh Hóa,Sầm Sơn,phường,16,2575,99866,30.29,"Trụ sở cơ quan Thành ủy, HĐND, UBND, UBMTTQ thành phố hiện nay","Phường Bắc Sơn (thành phố Sầm Sơn), Phường Quảng Tiến, Phường Quảng Cư, Phường Trung Sơn, Phường Trường Sơn, Phường Quảng Châu, Phường Quảng Thọ",105.889,19.7551
tỉnh Thanh Hóa,Sao Vàng,xã,16,2682,44643,89.27,Thị trấn Sao Vàng,"Thị trấn Sao Vàng, Xã Thọ Lâm, Xã Xuân Phú, Xã Xuân Sinh",105.45,19.8762
tỉnh Thanh Hóa,Sơn Điện,xã,16,2734,5002,94.37,Xã Sơn Điện,Không sáp nhập,104.814,20.2753
tỉnh Thanh Hóa,Sơn Thủy,xã,16,2733,4053,131.57,Xã Sơn Thủy,Không sáp nhập,104.743,20.3545
tỉnh Thanh Hóa,Tam Chung,xã,16,2721,4527,121.51,đang cập nhật,Không sáp nhập,104.642,20.5658
tỉnh Thanh Hóa,Tam Lư,xã,16,2731,6124,162.72,Xã Tam Lư,"Xã Sơn Hà, Xã Tam Lư, Thị trấn Sơn Lư",104.97,20.176
tỉnh Thanh Hóa,Tam Thanh,xã,16,2732,4196,99.24,Xã Tam Thanh,Không sáp nhập,104.851,20.1873
tỉnh Thanh Hóa,Tân Dân,phường,16,2623,22095,24.59,Trụ sở phường Tân Dân,"Phường Hải An, Phường Tân Dân, Xã Ngọc Lĩnh",105.782,19.5363
tỉnh Thanh Hóa,Tân Ninh,xã,16,2676,27427,53.63,Thị trấn Nưa,"Thị trấn Nưa, Xã Thái Hòa, Xã Vân Sơn",105.609,19.7543
tỉnh Thanh Hóa,Tân Thành,xã,16,2614,1278,90.38,Xã Tân Thành,"Xã Tân Thành, Xã Luận Khê",105.365,19.7836
tỉnh Thanh Hóa,Tân Tiến,xã,16,2645,21529,28.54,Trụ sở xã Nga Tiến,"Xã Nga Tiến, Xã Nga Tân, Xã Nga Thái",106.009,19.9834
tỉnh Thanh Hóa,Tây Đô,xã,16,2653,2744,35.36,"Trụ sở xã Vĩnh Tiến (đảng ủy, đoàn thể); Trụ sở xã Vĩnh Long (chính quyền)","Xã Vĩnh Quang, Xã Vĩnh Yên, Xã Vĩnh Tiến, Xã Vĩnh Long",105.596,20.0887
tỉnh Thanh Hóa,Thạch Bình,xã,16,2649,39553,90.47,Xã Thạch Bình,"Xã Thạch Sơn, Xã Thạch Long, Xã Thạch Cẩm, Xã Thạch Bình",105.591,20.1878
tỉnh Thanh Hóa,Thạch Lập,xã,16,2697,19465,83.78,Xã Quang Trung,"Xã Quang Trung (huyện Ngọc Lặc), Xã Đồng Thịnh, Xã Thạch Lập",105.363,20.1537
tỉnh Thanh Hóa,Thạch Quảng,xã,16,2657,15766,123.54,Xã Thạch Quảng,"Xã Thạch Lâm, Xã Thạch Tượng, Xã Thạch Quảng",105.49,20.3277
tỉnh Thanh Hóa,Thăng Bình,xã,16,2626,28864,34.73,Trụ sở xã Thăng Long,"Xã Thăng Long, Xã Thăng Thọ, Xã Thăng Bình",105.658,19.5907
tỉnh Thanh Hóa,Thắng Lộc,xã,16,2613,8893,73.75,Xuân Lộc,"Xã Xuân Lộc (huyện Thường Xuân), Xã Xuân Thắng",105.31,19.7641
tỉnh Thanh Hóa,Thắng Lợi,xã,16,2588,27909,40.26,Trụ sở xã Tế Thắng,"Xã Trung Thành (huyện Nông Cống), Xã Tế Nông, Xã Tế Thắng, Xã Tế Lợi",105.663,19.6798
tỉnh Thanh Hóa,Thanh Kỳ,xã,16,2675,12531,145.26,Xa Thanh Tân,"Xã Thanh Kỳ, Xã Thanh Tân",105.596,19.4442
tỉnh Thanh Hóa,Thanh Phong,xã,16,2699,9619,150.21,Xã Thanh Lâm,"Xã Thanh Hòa, Xã Thanh Lâm, Xã Thanh Phong",105.306,19.6079
tỉnh Thanh Hóa,Thanh Quân,xã,16,2700,12107,109.22,Xã Thanh Quân,"Xã Thanh Sơn (huyện Như Xuân), Xã Thanh Xuân, Xã Thanh Quân",105.297,19.701
tỉnh Thanh Hóa,Thành Vinh,xã,16,2650,27008,115.47,Xã Thành Vinh,"Xã Thành Minh, Xã Thành Mỹ, Xã Thành Yên, Xã Thành Vinh",105.61,20.2566
tỉnh Thanh Hóa,Thiên Phủ,xã,16,2709,6485,147.48,Xã Thiên Phủ,"Xã Nam Động, Xã Thiên Phủ",104.891,20.3609
tỉnh Thanh Hóa,Thiết Ống,xã,16,2667,13227,94.32,Xã Thiết Ống,"Xã Thiết Kế, Xã Thiết Ống",105.188,20.2874
tỉnh Thanh Hóa,Thiệu Hóa,xã,16,2692,4887,36.16,"Trụ sở Huyện ủy, HĐND và UBND huyện","Xã Thiệu Phúc, Xã Thiệu Công, Xã Thiệu Nguyên, Thị trấn Thiệu Hóa, Xã Thiệu Long",105.679,19.9059
tỉnh Thanh Hóa,Thiệu Quang,xã,16,2694,33689,35.45,Trụ sở xã Thiệu Giang,"Xã Thiệu Duy, Xã Thiệu Hợp, Xã Thiệu Thịnh, Xã Thiệu Giang, Xã Thiệu Quang, Thị trấn Thiệu Hóa",105.734,19.912
tỉnh Thanh Hóa,Thiệu Tiến,xã,16,2681,25383,23.68,Trụ sở xã Thiệu Vũ,"Xã Thiệu Ngọc, Xã Thiệu Vũ, Xã Thiệu Thành, Xã Thiệu Tiến",105.625,19.9258
tỉnh Thanh Hóa,Thiệu Toán,xã,16,2710,29915,28.39,Trụ sở xã Thiệu Chính,"Thị trấn Hậu Hiền, Xã Thiệu Chính, Xã Thiệu Hòa, Xã Thiệu Toán",105.615,19.8906
tỉnh Thanh Hóa,Thiệu Trung,xã,16,2691,32152,21.82,Trụ sở xã Thiệu Lý,"Xã Thiệu Vận, Xã Thiệu Lý, Xã Thiệu Viên, Xã Thiệu Trung, Thị trấn Thiệu Hóa",105.667,19.8643
tỉnh Thanh Hóa,Thọ Bình,xã,16,2718,18556,47.12,Xã Thọ Sơn,"Xã Thọ Sơn, Xã Bình Sơn, Xã Thọ Bình",105.471,19.8222
tỉnh Thanh Hóa,Thọ Lập,xã,16,2712,27849,33.81,Xã Thọ Lập,"Xã Xuân Thiên, Xã Thuận Minh, Xã Thọ Lập",105.451,19.9677
tỉnh Thanh Hóa,Thọ Long,xã,16,2715,31101,22.13,Xã Nam Giang,"Xã Thọ Lộc, Xã Xuân Phong, Xã Nam Giang, Xã Bắc Lương, Xã Tây Hồ",105.551,19.9058
tỉnh Thanh Hóa,Thọ Ngọc,xã,16,2683,24322,27.22,Xã Thọ Cường,"Xã Thọ Tiến, Xã Xuân Thọ, Xã Thọ Cường, Xã Thọ Ngọc",105.52,19.8539
tỉnh Thanh Hóa,Thọ Phú,xã,16,2684,40004,35.12,Xã Thọ Thế,"Xã Xuân Lộc (huyện Triệu Sơn), Xã Thọ Dân, Xã Thọ Thế, Xã Thọ Tân, Xã Thọ Phú",105.567,19.8594
tỉnh Thanh Hóa,Thọ Xuân,xã,16,2685,34346,27.4,Trụ sở huyện Thọ Xuân,"Thị trấn Thọ Xuân, Xã Xuân Hồng, Xã Xuân Trường, Xã Xuân Giang",105.512,19.9293
tỉnh Thanh Hóa,Thượng Ninh,xã,16,2701,13991,92.61,Xã Thượng Ninh,"Xã Cát Tân, Xã Cát Vân, Xã Thượng Ninh",105.411,19.7079
tỉnh Thanh Hóa,Thường Xuân,xã,16,2612,3349,83.27,Huyện Thường Xuân,"Thị trấn Thường Xuân, Xã Thọ Thanh, Xã Ngọc Phụng, Xã Xuân Dương",105.318,19.9027
tỉnh Thanh Hóa,Tiên Trang,xã,16,2578,40809,17.75,"Trụ sở xã Quảng Thạch (đảng, đoàn thể) và Trụ sở xã Tiên Trang (chính quyền)","Xã Quảng Thạch, Xã Quảng Nham, Xã Tiên Trang",105.811,19.6288
tỉnh Thanh Hóa,Tĩnh Gia,phường,16,2571,58583,32.18,Trụ sở phường Hải Hòa,"Phường Hải Hòa, Phường Bình Minh, Phường Hải Thanh, Xã Hải Nhân",105.77,19.4638
tỉnh Thanh Hóa,Tống Sơn,xã,16,2633,28733,69.36,Trụ sở thị trấn Hà Lĩnh và trụ sở xã Hà Tân,"Thị trấn Hà Lĩnh, Xã Hà Tiến, Xã Hà Tân, Xã Hà Sơn",105.786,20.0144
tỉnh Thanh Hóa,Triệu Lộc,xã,16,2640,26386,29.27,Trụ sở xã Triệu Lộc,"Xã Đại Lộc, Xã Tiến Lộc, Xã Triệu Lộc",105.822,19.9451
tỉnh Thanh Hóa,Triệu Sơn,xã,16,2690,54445,41.09,Huyện Triệu Sơn,"Thị trấn Triệu Sơn, Xã Minh Sơn (huyện Triệu Sơn), Xã Dân Lực, Xã Dân Lý, Xã Dân Quyền",105.617,19.8337
tỉnh Thanh Hóa,Trúc Lâm,phường,16,2568,2395,81.05,Trụ sở phường Phú Lâm,"Phường Trúc Lâm, Xã Phú Sơn (thị xã Nghi Sơn), Xã Phú Lâm, Xã Tùng Lâm",105.675,19.4375
tỉnh Thanh Hóa,Trung Chính,xã,16,2587,3544,44.09,Trụ sở xã Trung Chính,"Xã Tân Phúc (huyện Nông Cống), Xã Tân Thọ, Xã Tân Khang, Xã Hoàng Sơn, Xã Hoàng Giang, Xã Trung Chính",105.672,19.7285
tỉnh Thanh Hóa,Trung Hạ,xã,16,2730,9289,123.86,Xã Trung Hạ,"Xã Trung Tiến, Xã Trung Xuân, Xã Trung Hạ",105.045,20.3163
tỉnh Thanh Hóa,Trung Lý,xã,16,2725,7335,197.48,Xã Trung Lý,Không sáp nhập,104.769,20.4972
tỉnh Thanh Hóa,Trung Sơn,xã,16,2720,3254,76.81,Xã Trung Sơn,Không sáp nhập,104.851,20.616
tỉnh Thanh Hóa,Trung Thành,xã,16,2704,5513,135.64,Xã Thành Sơn,"Xã Thành Sơn, Xã Trung Thành (huyện Quan Hóa)",104.916,20.5738
tỉnh Thanh Hóa,Trường Lâm,xã,16,2616,21582,68.16,Trụ sở xã Trường Lâm,"Xã Tân Trường, Xã Trường Lâm",105.686,19.3499
tỉnh Thanh Hóa,Trường Văn,xã,16,2576,22169,28.32,Trụ sở xã Trường Sơn,"Xã Trường Minh, Xã Trường Trung, Xã Trường Sơn, Xã Trường Giang",105.73,19.6167
tỉnh Thanh Hóa,Tượng Lĩnh,xã,16,2625,18025,33.23,Trụ sở xã Tượng Lĩnh,"Xã Tượng Sơn, Xã Tượng Văn, Xã Tượng Lĩnh",105.711,19.5656
tỉnh Thanh Hóa,Vân Du,xã,16,2648,24146,88.53,Thị trấn Vân Du,"Thị trấn Vân Du, Xã Thành Công, Xã Thành Tân",105.723,20.1704
tỉnh Thanh Hóa,Vạn Lộc,xã,16,2642,70587,28.4,Trụ sở xã Minh Lộc,"Xã Minh Lộc, Xã Hải Lộc, Xã Hưng Lộc, Xã Ngư Lộc, Xã Đa Lộc",105.969,19.9488
tỉnh Thanh Hóa,Văn Nho,xã,16,2672,10112,64.77,Xã Kỳ Tân,"Xã Kỳ Tân, Xã Văn Nho",105.128,20.266
tỉnh Thanh Hóa,Văn Phú,xã,16,2741,8516,106.55,Xã Tam Văn,"Xã Tam Văn, Xã Lâm Phú",105.053,20.2461
tỉnh Thanh Hóa,Vạn Xuân,xã,16,2610,6125,139.49,Xã Vạn Xuân,Không sáp nhập,105.232,19.8749
tỉnh Thanh Hóa,Vĩnh Lộc,xã,16,2652,40344,56.94,"Trụ sở Huyện ủy (đảng ủy, đoàn thể) Trụ sở HĐND - UBND Vĩnh Lộc (chính quyền).","Thị trấn Vĩnh Lộc, Xã Ninh Khang, Xã Vĩnh Phúc, Xã Vĩnh Hưng, Xã Vĩnh Hòa",105.64,20.0522
tỉnh Thanh Hóa,Xuân Bình,xã,16,2698,16385,183.18,Xã Bãi Trành,"Xã Xuân Hòa (huyện Như Xuân), Xã Bãi Trành, Xã Xuân Bình",105.406,19.517
tỉnh Thanh Hóa,Xuân Chinh,xã,16,2609,7588,172.48,Xã Xuân Chinh,"Xã Xuân Lẹ, Xã Xuân Chinh",105.196,19.7795
tỉnh Thanh Hóa,Xuân Du,xã,16,2680,22331,92.49,Xã Xuân Du,"Xã Cán Khê, Xã Phượng Nghi, Xã Xuân Du",105.481,19.7673
tỉnh Thanh Hóa,Xuân Hòa,xã,16,2686,26655,28.34,Xã Xuân Hòa,"Xã Xuân Hòa (huyện Thọ Xuân), Xã Thọ Hải, Xã Thọ Diên, Xã Xuân Hưng",105.48,19.9289
tỉnh Thanh Hóa,Xuân Lập,xã,16,2716,36213,34.49,Xã Xuân Minh,"Xã Xuân Minh, Xã Xuân Lai, Xã Trường Xuân, Xã Xuân Lập",105.555,19.9624
tỉnh Thanh Hóa,Xuân Thái,xã,16,2674,4418,120.71,Xã Xuân Thái,Không sáp nhập,105.514,19.5444
tỉnh Thanh Hóa,Xuân Tín,xã,16,2687,26531,31.93,Xã Xuân Tín,"Xã Phú Xuân (huyện Thọ Xuân), Xã Quảng Phú, Xã Xuân Tín",105.492,19.9877
tỉnh Thanh Hóa,Yên Định,xã,16,2628,38596,29.42,Trụ sở huyện Yên Định,"Thị trấn Quán Lào, Xã Định Liên, Xã Định Long, Xã Định Tăng",105.638,19.9703
tỉnh Thanh Hóa,Yên Khương,xã,16,2736,5572,97.89,Xã Yên Khương,Không sáp nhập,105.032,20.1454
tỉnh Thanh Hóa,Yên Nhân,xã,16,2608,5674,188.69,Xã Yên Nhân,Không sáp nhập,105.134,20.0082
tỉnh Thanh Hóa,Yên Ninh,xã,16,2630,23569,24.67,Trụ sở xã Yên Ninh,"Xã Yên Hùng, Xã Yên Thịnh, Xã Yên Ninh",105.589,19.9798
tỉnh Thanh Hóa,Yên Phú,xã,16,2631,188,42.61,Trụ sở xã Yên Phú,"Thị trấn Thống Nhất, Xã Yên Tâm, Xã Yên Phú",105.519,20.0208
tỉnh Thanh Hóa,Yên Thắng,xã,16,2738,6652,95.22,Xã Yên Thắng,Không sáp nhập,105.099,20.1426
tỉnh Thanh Hóa,Yên Thọ,xã,16,2693,23029,80.63,Xã Yên Thọ,"Xã Xuân Phúc, Xã Yên Lạc, Xã Yên Thọ (huyện Như Thanh)",105.599,19.5587
tỉnh Thanh Hóa,Yên Trường,xã,16,2629,29314,26.95,Trụ sở xã Yên Trường,"Xã Yên Trung, Xã Yên Phong, Xã Yên Thái, Xã Yên Trường",105.589,20.0146
