Name,Address,OpeningHours,URL
Picka Lê - 274 Tây Sơn,"274 Tây Sơn, P. Trung Liệt, Đống Đa, Hà Nội",,https://shopeefood.vn/ha-noi/picka-le-274-tay-son
"Linh An Quán - Mì Trộn Sajang, Tokbokki & Trà","Số 42 Ngõ 267 Hoàng Hoa Thám, P. Liễu Giai, Ba Đình, Hà Nội",,https://shopeefood.vn/ha-noi/linh-an-quan-mi-tron-sajang-tokbokki-tra
"Cơm, Phở & Bánh Mì - Đồ Nướng Hân Hạnh","196 Tả Thanh Oai, X. Tả Thanh Oai, Thanh Trì, Hà Nội",00:00 - 23:59,https://shopeefood.vn/ha-noi/com-pho-banh-mi-do-nuong-han-hanh
Lilac Café - Mai Hắc Đế,"12 Mai Hắc Đế, P. Nguyễn Du, Hai Bà Trưng, Hà Nội",,https://shopeefood.vn/ha-noi/lilac-cafe-mai-hac-de
Đào Hoa Quán - Cầu Am,"36A Cầu Am, P. Vạn Phúc, Hà Đông, Hà Nội",,https://shopeefood.vn/ha-noi/dao-hoa-quan-cau-am
Tiệm 3CE - Cà Phê - Trà Hoa Quả - Trà Sữa - Kim Giang,"168 Kim Giang, P. Đại Kim, Hoàng Mai, Hà Nội",,https://shopeefood.vn/ha-noi/tiem-3ce-ca-phe-tra-hoa-qua-tra-sua-kim-giang
Thành Hoa - Bánh Mì & Nước Ép - Tây Mỗ,"23 Ngõ 121 Tây Mỗ, P. Đại Mỗ, Nam Từ Liêm, Hà Nội",,https://shopeefood.vn/ha-noi/thanh-hoa-banh-mi-nuoc-ep-tay-mo
"Haru Korea - Đồ Ăn Hàn Quốc, Cơm Trộn & Mì Cay - Hồ Tùng Mậu","Số 10 Ngách 14 Ngõ 20 Hồ Tùng Mậu, P. Mai Dịch, Cầu Giấy, Hà Nội",,https://shopeefood.vn/ha-noi/haru-korea-do-an-han-quoc-com-tron-mi-cay-ho-tung-mau
Tương Tư Coffee & Tea - 479 Kim Ngưu,"479 Kim Ngưu, P. Vĩnh Tuy, Hai Bà Trưng, Hà Nội",,https://shopeefood.vn/ha-noi/tuong-tu-coffee-tea-479-kim-nguu
Moon Coffee - Cafe & Nước Giải Khát - Anland Lakeview,"Anland Lakeview, KĐT Dương Nội, P. Dương Nội, Hà Đông, Hà Nội",,https://shopeefood.vn/ha-noi/moon-coffee-cafe-nuoc-giai-khat-anland-lakeview
Phát Food - Ăn Vặt - Kim Ngưu,"469 Kim Ngưu, P. Vĩnh Tuy, Hai Bà Trưng, Hà Nội",,https://shopeefood.vn/ha-noi/phat-food-an-vat-kim-nguu
Nem Nướng Trà Ngon Bếp Nhà Khoai,"Số 41 Đường Lĩnh Nam, P. Mai Động, Hoàng Mai, Hà Nội",,https://shopeefood.vn/ha-noi/nem-nuong-tra-ngon-bep-nha-khoai
Chè Hẻm & Đồ Ăn Vặt – Hồng Hà,"Số 4 Ngách 76 Ngõ 195 Hồng Hà, P. Phúc Tân, Hoàn Kiếm, Hà Nội",00:00 - 23:59,https://shopeefood.vn/ha-noi/che-hem-do-an-vat-hong-ha
"Nước Mía, Thịt Xiên & Đồ Ăn Vặt - Tây Sơn","67A Tây Sơn, P. Quang Trung, Đống Đa, Hà Nội",,https://shopeefood.vn/ha-noi/nuoc-mia-thit-xien-do-an-vat-tay-son
Cafe Flower With S Florist - 128 Mai Hắc Đế,"128 Mai Hắc Đế, P. Lê Đại Hành, Hai Bà Trưng, Hà Nội",,https://shopeefood.vn/ha-noi/cafe-flower-with-s-florist-128-mai-hac-de
Yume Happy Juice - Trần Quốc Hoàn,"97 Trần Quốc Hoàn, P. Dịch Vọng Hậu, Cầu Giấy, Hà Nội",,https://shopeefood.vn/ha-noi/yume-happy-juice-tran-quoc-hoan
"Hue’s House - Cafe, Trà Sữa & Ăn Vặt","Số 7 Ngách 39 Ngõ 250 Kim Giang, P. Đại Kim, Hoàng Mai, Hà Nội",,https://shopeefood.vn/ha-noi/hue-s-house-cafe-tra-sua-an-vat
"Gia Bảo - Bánh Cuốn Nóng, Mỳ Gà Tần & Gà Tần Thuốc Bắc - Thái Thịnh","43 Thái Thịnh, Đống Đa, Hà Nội",00:00 - 23:59,https://shopeefood.vn/ha-noi/gia-bao-banh-cuon-nong-my-ga-tan-ga-tan-thuoc-bac-thai-thinh
Bếp Của Cậu - Gà Ủ Muối Xuân Đỉnh,"207/103/9 Số Nhà 12 Xuân Đỉnh, P. Xuân Đỉnh, Bắc Từ Liêm, Hà Nội",,https://shopeefood.vn/ha-noi/bep-cua-cau-ga-u-muoi-xuan-dinh
"Ốc Luộc, Ngao Hàu & Tôm Nướng - Lĩnh Nam","93A Lĩnh Nam, P. Lĩnh Nam, Hoàng Mai, Hà Nội",00:00 - 23:59,https://shopeefood.vn/ha-noi/oc-luoc-ngao-hau-tom-nuong-linh-nam
Lion Coffee - Nguyễn Cảnh Dị,"25f2 Nguyễn Cảnh Dị, P. Đại Kim, Hoàng Mai, Hà Nội",,https://shopeefood.vn/ha-noi/lion-coffee-nguyen-canh-di
Bún Bò Trộn 247 - Bún Trộn Nam Bộ - AEON Mall Hà Đông,"LK16/17/17 Hoàng Văn Thụ, P. Dương Nội, Hà Đông, Hà Nội",00:00 - 23:59,https://shopeefood.vn/ha-noi/bun-bo-tron-247-bun-tron-nam-bo-aeon-mall-ha-dong
"Cơm, Bún Hải Sản Phú Quốc - 16B Lê Duẩn","16B Lê Duẩn, P.Điện Biên, Ba Đình, Hà Nội",00:00 - 23:59,https://shopeefood.vn/ha-noi/com-bun-hai-san-phu-quoc-16b-le-duan
Tiệm Gà Ủ Muối KuBo - Nam Dư,"Số 3B Ngõ 180 Nam Dư, P. Lĩnh Nam, Hoàng Mai, Hà Nội",,https://shopeefood.vn/ha-noi/tiem-ga-u-muoi-kubo-nam-du
Mì Trộn Indo & Cá Viên Chiên - Cổ Điển A,"12 Ngõ 1 Xóm Kho, Cổ Điển A, X. Tứ Hiệp, Thanh Trì, Hà Nội",,https://shopeefood.vn/ha-noi/mi-tron-indo-ca-vien-chien-co-dien-a
"Gia Bảo - Bánh Cuốn Nóng, Mỳ Gà Tần & Gà Tần Thuốc Bắc - Thái Thịnh","43 Thái Thịnh, Đống Đa, Hà Nội",00:00 - 23:59,https://shopeefood.vn/ha-noi/gia-bao-banh-cuon-nong-my-ga-tan-ga-tan-thuoc-bac-thai-thinh
Moon Coffee - Cafe & Nước Giải Khát - Anland Lakeview,"Anland Lakeview, KĐT Dương Nội, P. Dương Nội, Hà Đông, Hà Nội",,https://shopeefood.vn/ha-noi/moon-coffee-cafe-nuoc-giai-khat-anland-lakeview
Bún Bò Trộn 247 - Bún Trộn Nam Bộ - AEON Mall Hà Đông,"LK16/17/17 Hoàng Văn Thụ, P. Dương Nội, Hà Đông, Hà Nội",00:00 - 23:59,https://shopeefood.vn/ha-noi/bun-bo-tron-247-bun-tron-nam-bo-aeon-mall-ha-dong
Tương Tư Coffee & Tea - 479 Kim Ngưu,"479 Kim Ngưu, P. Vĩnh Tuy, Hai Bà Trưng, Hà Nội",,https://shopeefood.vn/ha-noi/tuong-tu-coffee-tea-479-kim-nguu
Yume Happy Juice - Trần Quốc Hoàn,"97 Trần Quốc Hoàn, P. Dịch Vọng Hậu, Cầu Giấy, Hà Nội",,https://shopeefood.vn/ha-noi/yume-happy-juice-tran-quoc-hoan
Thành Hoa - Bánh Mì & Nước Ép - Tây Mỗ,"23 Ngõ 121 Tây Mỗ, P. Đại Mỗ, Nam Từ Liêm, Hà Nội",,https://shopeefood.vn/ha-noi/thanh-hoa-banh-mi-nuoc-ep-tay-mo
"Nước Mía, Thịt Xiên & Đồ Ăn Vặt - Tây Sơn","67A Tây Sơn, P. Quang Trung, Đống Đa, Hà Nội",,https://shopeefood.vn/ha-noi/nuoc-mia-thit-xien-do-an-vat-tay-son
Chè Hẻm & Đồ Ăn Vặt – Hồng Hà,"Số 4 Ngách 76 Ngõ 195 Hồng Hà, P. Phúc Tân, Hoàn Kiếm, Hà Nội",00:00 - 23:59,https://shopeefood.vn/ha-noi/che-hem-do-an-vat-hong-ha
Bếp Của Cậu - Gà Ủ Muối Xuân Đỉnh,"207/103/9 Số Nhà 12 Xuân Đỉnh, P. Xuân Đỉnh, Bắc Từ Liêm, Hà Nội",,https://shopeefood.vn/ha-noi/bep-cua-cau-ga-u-muoi-xuan-dinh
"Ốc Luộc, Ngao Hàu & Tôm Nướng - Lĩnh Nam","93A Lĩnh Nam, P. Lĩnh Nam, Hoàng Mai, Hà Nội",00:00 - 23:59,https://shopeefood.vn/ha-noi/oc-luoc-ngao-hau-tom-nuong-linh-nam
Picka Lê - 274 Tây Sơn,"274 Tây Sơn, P. Trung Liệt, Đống Đa, Hà Nội",,https://shopeefood.vn/ha-noi/picka-le-274-tay-son
Nem Nướng Trà Ngon Bếp Nhà Khoai,"Số 41 Đường Lĩnh Nam, P. Mai Động, Hoàng Mai, Hà Nội",,https://shopeefood.vn/ha-noi/nem-nuong-tra-ngon-bep-nha-khoai
Tiệm 3CE - Cà Phê - Trà Hoa Quả - Trà Sữa - Kim Giang,"168 Kim Giang, P. Đại Kim, Hoàng Mai, Hà Nội",,https://shopeefood.vn/ha-noi/tiem-3ce-ca-phe-tra-hoa-qua-tra-sua-kim-giang
Lilac Café - Mai Hắc Đế,"12 Mai Hắc Đế, P. Nguyễn Du, Hai Bà Trưng, Hà Nội",,https://shopeefood.vn/ha-noi/lilac-cafe-mai-hac-de
"Cơm, Bún Hải Sản Phú Quốc - 16B Lê Duẩn","16B Lê Duẩn, P.Điện Biên, Ba Đình, Hà Nội",00:00 - 23:59,https://shopeefood.vn/ha-noi/com-bun-hai-san-phu-quoc-16b-le-duan
"Haru Korea - Đồ Ăn Hàn Quốc, Cơm Trộn & Mì Cay - Hồ Tùng Mậu","Số 10 Ngách 14 Ngõ 20 Hồ Tùng Mậu, P. Mai Dịch, Cầu Giấy, Hà Nội",,https://shopeefood.vn/ha-noi/haru-korea-do-an-han-quoc-com-tron-mi-cay-ho-tung-mau
Mì Trộn Indo & Cá Viên Chiên - Cổ Điển A,"12 Ngõ 1 Xóm Kho, Cổ Điển A, X. Tứ Hiệp, Thanh Trì, Hà Nội",,https://shopeefood.vn/ha-noi/mi-tron-indo-ca-vien-chien-co-dien-a
"Linh An Quán - Mì Trộn Sajang, Tokbokki & Trà","Số 42 Ngõ 267 Hoàng Hoa Thám, P. Liễu Giai, Ba Đình, Hà Nội",,https://shopeefood.vn/ha-noi/linh-an-quan-mi-tron-sajang-tokbokki-tra
Lion Coffee - Nguyễn Cảnh Dị,"25f2 Nguyễn Cảnh Dị, P. Đại Kim, Hoàng Mai, Hà Nội",,https://shopeefood.vn/ha-noi/lion-coffee-nguyen-canh-di
Tiệm Gà Ủ Muối KuBo - Nam Dư,"Số 3B Ngõ 180 Nam Dư, P. Lĩnh Nam, Hoàng Mai, Hà Nội",,https://shopeefood.vn/ha-noi/tiem-ga-u-muoi-kubo-nam-du
Phát Food - Ăn Vặt - Kim Ngưu,"469 Kim Ngưu, P. Vĩnh Tuy, Hai Bà Trưng, Hà Nội",,https://shopeefood.vn/ha-noi/phat-food-an-vat-kim-nguu
Cafe Flower With S Florist - 128 Mai Hắc Đế,"128 Mai Hắc Đế, P. Lê Đại Hành, Hai Bà Trưng, Hà Nội",,https://shopeefood.vn/ha-noi/cafe-flower-with-s-florist-128-mai-hac-de
Đào Hoa Quán - Cầu Am,"36A Cầu Am, P. Vạn Phúc, Hà Đông, Hà Nội",,https://shopeefood.vn/ha-noi/dao-hoa-quan-cau-am
"Cơm, Phở & Bánh Mì - Đồ Nướng Hân Hạnh","196 Tả Thanh Oai, X. Tả Thanh Oai, Thanh Trì, Hà Nội",00:00 - 23:59,https://shopeefood.vn/ha-noi/com-pho-banh-mi-do-nuong-han-hanh
"Hue’s House - Cafe, Trà Sữa & Ăn Vặt","Số 7 Ngách 39 Ngõ 250 Kim Giang, P. Đại Kim, Hoàng Mai, Hà Nội",,https://shopeefood.vn/ha-noi/hue-s-house-cafe-tra-sua-an-vat
Chú Hiếu Trendy - Food & Drink,"79 Ngách 24/2 Ngọc Trục, P. Đại Mỗ, Nam Từ Liêm, Hà Nội",,https://shopeefood.vn/ha-noi/chu-hieu-trendy-food-drink
183 Tea And Cafe - Bạch Mai,"183 Bạch Mai, P.Cầu Dền, Hai Bà Trưng, Hà Nội",,https://shopeefood.vn/ha-noi/183-tea-and-cafe-bach-mai
"Xôi, Bánh Mì & Phở Gà - Triều Khúc","Số Nhà 31/136/6 Triều Khúc, X.Tân Triều, Thanh Trì, Hà Nội",,https://shopeefood.vn/ha-noi/xoi-banh-mi-pho-ga-trieu-khuc
Obean - Tào Phớ Đài Loan & Tàu Hũ Tươi - Phan Đình Giót,"Số 1 Ngõ 64/3 Phan Đình Giót, P. Phương Liệt, Thanh Xuân, Hà Nội",,https://shopeefood.vn/ha-noi/obean-tao-pho-dai-loan-tau-hu-tuoi-phan-dinh-giot
Bún Bò Huế Nhân Khôi - Trần Đại Nghĩa,"85 Trần Đại Nghĩa, P. Đồng Tâm, Hai Bà Trưng, Hà Nội",,https://shopeefood.vn/ha-noi/bun-bo-hue-nhan-khoi-tran-dai-nghia
Bếp Nhà Nàng Cơ Sở 2 - Chân Cánh Gà Nướng,"Đầu Ngõ 169 Quang Tiến, P. Đại Mỗ, Nam Từ Liêm, Hà Nội",,https://shopeefood.vn/ha-noi/bep-nha-nang-co-so-2-chan-canh-ga-nuong
Đồ Ăn Vặt Mẹ Tôm - 104C10 Thành Công,"104C10 Thành Công, P. Thành Công, Ba Đình, Hà Nội",,https://shopeefood.vn/ha-noi/do-an-vat-me-tom-104c10-thanh-cong
Pika Lê - 104 Trần Phú,"104 Trần Phú, P. Mộ Lao, Hà Đông, Hà Nội",,https://shopeefood.vn/ha-noi/pika-le-104-tran-phu
"Ciemt Juice - Nước Ép, Trà Hoa Quả & Sinh Tố","12B Phạm Huy Thông, P. Ngọc Khánh, Ba Đình, Hà Nội",,https://shopeefood.vn/ha-noi/ciemt-juice-nuoc-ep-tra-hoa-qua-sinh-to
Tiệm Mẹ Xoài - Mỳ Trộn Indomie - Tây Tựu,"Số 4 Ngách 87/5 Ngõ 87 Tây Tựu, P. Tây Tựu, Bắc Từ Liêm, Hà Nội",,https://shopeefood.vn/ha-noi/tiem-me-xoai-my-tron-indomie-tay-tuu
Kem Nhà Thỏ - Ice Cream Mũi Né Foods,"S2.19.09.12 Vinhomes OceanPark, X. Đa Tốn, Gia Lâm, Hà Nội",,https://shopeefood.vn/ha-noi/kem-nha-tho-ice-cream-mui-ne-foods
Tiệm Cơm S - Nguyễn Khang,"36 Ngõ 445 Nguyễn Khang, P. Yên Hòa, Cầu Giấy, Hà Nội",,https://shopeefood.vn/ha-noi/tiem-com-s-nguyen-khang
Bún Đậu Cốm Since 1995,"77C Hai Bà Trưng, P. Cửa Nam, Hoàn Kiếm, Hà Nội",,https://shopeefood.vn/ha-noi/bun-dau-com-since-1995
Bún Cá Cay Hai Phòng - Kim Giang,"926 Kim Giang, X. Thanh Liệt, Thanh Trì, Hà Nội",,https://shopeefood.vn/ha-noi/bun-ca-cay-hai-phong-kim-giang
"Cháo Ngon Ngát Food - Cháo, Cháo Gà & Mì Xào","Số 24 Ngõ 26 Trần Thái Tông, P. Dịch Vọng Hậu, Cầu Giấy, Hà Nội",,https://shopeefood.vn/ha-noi/chao-ngon-ngat-food-chao-chao-ga-mi-xao
Nem Nướng & Phở Cuốn - Hồ Tùng Mậu,"Ngõ 66 Số Nhà 51 Hồ Tùng Mậu, Nam Từ Liêm, Hà Nội",,https://shopeefood.vn/ha-noi/nem-nuong-pho-cuon-ho-tung-mau
"Bé Hin - Trà Hoa Quả, Nước Ép & Sinh Tố - Đội Cấn","Số 3 Ngõ 202A Đội Cấn, P. Đội Cấn, Ba Đình, Hà Nội",,https://shopeefood.vn/ha-noi/be-hin-tra-hoa-qua-nuoc-ep-sinh-to-doi-can
Moew Café - Café Muối & Trà Mãng Cầu,"Số 42 Sơn Tây, P. Điện Biên, Ba Đình, Hà Nội",,https://shopeefood.vn/ha-noi/moew-cafe-cafe-muoi-tra-mang-cau
Xôi & Mỳ Trộn Indomie - HaBu Food,"78D Ngõ 197 Đường Hoàng Mai, P. Hoàng Văn Thụ, Hoàng Mai, Hà Nội",,https://shopeefood.vn/ha-noi/xoi-my-tron-indomie-habu-food
"Bếp Nhà Xoài - Mì Trộn Indo, Đồ Ăn Vặt - Quỳnh Mai","108 E7 Quỳnh Mai, P. Quynh Mai, Hai Bà Trưng, Hà Nội",,https://shopeefood.vn/ha-noi/bep-nha-xoai-mi-tron-indo-do-an-vat-quynh-mai
Ăn Vặt Đê - Buffet Viên Chiên,"Số 38 Ngõ 152 Bồ Đề, P. Bồ Đề, Long Biên, Hà Nội",,https://shopeefood.vn/ha-noi/an-vat-de-buffet-vien-chien
HC Gym & Healthy Food - 363 Bạch Mai,"363 Bạch Mai, P. Bạch Mai, Hai Bà Trưng, Hà Nội",,https://shopeefood.vn/ha-noi/hc-gym-healthy-food-363-bach-mai
"Thu Tea - Trà Sữa, Trà Chanh & Sữa Chua Dẻo","Số 70 TT1 Ngõ 537 Bát Khối, P. Thạch Bàn, Long Biên, Hà Nội",,https://shopeefood.vn/ha-noi/thu-tea-tra-sua-tra-chanh-sua-chua-deo
Mỳ Cay Thuỳ Linh - Tạ Quang Bửu,"113 K6B Ngõ 48 Tạ Quang Bửu, P. Bách Khoa, Hai Bà Trưng, Hà Nội",,https://shopeefood.vn/ha-noi/my-cay-thuy-linh-ta-quang-buu
Cafe Sài Gòn - Nước Ép & Sinh Tố,"Số 28 - Liền Kề 21 Đất Dịch Vụ Hà Trì, P. Hà Cầu, Hà Đông, Hà Nội",,https://shopeefood.vn/ha-noi/cafe-sai-gon-nuoc-ep-sinh-to
Bún Đậu Xưa,"Số 2 Thanh Đàm, P. Thanh Trì, Hoàng Mai, Hà Nội",,https://shopeefood.vn/ha-noi/bun-dau-xua
Oola - Trà Ô Long Đậm Vị - Vinhomes Ocean Park 1,"HD09, SP BH, 18, KDT Ocean Park 1, Gia Lâm, Hà Nội",,https://shopeefood.vn/ha-noi/oola-tra-o-long-dam-vi-vinhomes-ocean-park-1
Bún Cá Chấm Gốc Đa - Nguyễn Văn Tuyết,"107 Nguyễn Văn Tuyết, Đống Đa, Hà Nội",,https://shopeefood.vn/ha-noi/bun-ca-cham-goc-da-nguyen-van-tuyet
Tiệm Trà Trái Cây - Cô Bệt,"Ngã 3 Hồng Tiến, P. Bồ Đề, Long Biên, Hà Nội",,https://shopeefood.vn/ha-noi/tiem-tra-trai-cay-co-bet
Cơm Bà Ngoại - 43 Huỳnh Thúc Kháng,"43 Huỳnh Thúc Kháng, P. Láng Hạ, Đống Đa, Hà Nội",,https://shopeefood.vn/ha-noi/com-ba-ngoai-43-huynh-thuc-khang
Cent Coffee & Tea - Nguyễn Chánh,"Số 5 Ngõ 20 Nguyễn Chánh, P. Trung Hoà, Cầu Giấy, Hà Nội",,https://shopeefood.vn/ha-noi/cent-coffee-tea-nguyen-chanh
Nước Ép Mến Thương - 300 Tôn Đức Thắng,"300 Tôn Đức Thắng, P. Hàng Bột, Đống Đa, Hà Nội",,https://shopeefood.vn/ha-noi/nuoc-ep-men-thuong-300-ton-duc-thang
Ăn Bánh Uống Trà - Đồ Ăn Mẹ Nấu,"Tòa H1, Chung Cư Hope Residences, P. Phúc Đồng, Long Biên, Hà Nội",,https://shopeefood.vn/ha-noi/an-banh-uong-tra-do-an-me-nau
Chilicious - Hủ Tiếu Thuyền Thái Lan - Vincom Center Metropolis,"16 Vincom Metropolis 29, P. Liễu Giai, Ba Đình, Hà Nội",,https://shopeefood.vn/ha-noi/chilicious-hu-tieu-thuyen-thai-lan-vincom-center-metropolis
Mỳ Cay Jumy - Tạ Quang Bửu,"115 K6B Ngõ 48 Tạ Quang Bửu, P. Bách Khoa, Hai Bà Trưng, Hà Nội",,https://shopeefood.vn/ha-noi/my-cay-jumy-ta-quang-buu
Bún Chả Băm - Chùa Láng,"Số 4 Ngõ 121 Chùa Láng, P.Láng Thượng, Đống Đa, Hà Nội",,https://shopeefood.vn/ha-noi/bun-cha-bam-chua-lang
LINKA Cafe - Nguyễn Thái Học,"152C Nguyễn Thái Học, P. Điện Biên, Ba Đình, Hà Nội",,https://shopeefood.vn/ha-noi/linka-cafe-nguyen-thai-hoc
"A Pèn Quán - Cơm Văn Phòng, Dê Núi Hà Giang & Lợn Mán Mẹt","Số 4 Ngõ 38 Trần Quý Kiên, P. Dịch Vọng, Cầu Giấy, Hà Nội",,https://shopeefood.vn/ha-noi/a-pen-quan-com-van-phong-de-nui-ha-giang-lon-man-met
Chè Bưởi Bánh Gối - Bếp Nhà Top Timecity,"Tòa Park 2 Khu Đô Thị Timecity, P. Minh Khai, Hai Bà Trưng, Hà Nội",,https://shopeefood.vn/ha-noi/che-buoi-banh-goi-bep-nha-top-timecity
Jolli’s Nhà Hàng Hàn Quốc - Đồ Ăn Hàn Quốc - Ngõ 73 Nguyên Hồng,"5 Ngõ 73 Nguyên Hồng, P. Láng Hạ, Đống Đa, Hà Nội",,https://shopeefood.vn/ha-noi/jolli-s-nha-hang-han-quoc-do-an-han-quoc-ngo-73-nguyen-hong
Nam Hàn Korean Food - Nghĩa Tân,"106B4 Ngõ 1 Nghĩa Tân, P. Nghĩa Tân, Cầu Giấy, Hà Nội",,https://shopeefood.vn/ha-noi/nam-han-korean-food-nghia-tan
Trà Trái Cây 1992 - Chùa Láng,"Số 152 Chùa Láng, P. Láng Thượng, Đống Đa, Hà Nội",,https://shopeefood.vn/ha-noi/tra-trai-cay-1992-chua-lang
"Sinh Tố, Nước Ép & Bánh Mỳ - Ngõ Xã Đàn 2","Số 1 Nghách 98 Ngõ Xã Đàn 2, P. Nam Đồng, Đống Đa, Hà Nội",,https://shopeefood.vn/ha-noi/sinh-to-nuoc-ep-banh-my-ngo-xa-dan-2
"Py Food - Bún Gỏi Cuốn, Nộm & Súp - Đường Bưởi","120 Đường Bưởi, P. Ngọc Khánh, Ba Đình, Hà Nội",,https://shopeefood.vn/ha-noi/py-food-bun-goi-cuon-nom-sup-duong-buoi
Bếp Của Ngoại - Cơm Tấm & Bún Riêu - Kim Đồng,"46 Kim Đồng, P. Giáp Bát, Hoàng Mai, Hà Nội",,https://shopeefood.vn/ha-noi/bep-cua-ngoai-com-tam-bun-rieu-kim-dong
Phở Ta - Phở - 24 Nguyễn Công Hoan,"24 Nguyễn Công Hoan, P. Ngọc Khánh, Ba Đình, Hà Nội",,https://shopeefood.vn/ha-noi/pho-ta-pho-24-nguyen-cong-hoan
Sinh Tố Nước Ép - Quán Nhà Chíp,"Số 7 Đường Mới Thịnh Liệt, P. Thịnh Liệt,, Hoàng Mai, Hà Nội",,https://shopeefood.vn/ha-noi/sinh-to-nuoc-ep-quan-nha-chip
Bún Riêu Bề Bề Hoàng Phố - KĐT Văn Phú,"13LK11 Phố Tống Tất Thắng, KĐT Văn Phú, P.Phú La, Hà Đông, Hà Nội",,https://shopeefood.vn/ha-noi/bun-rieu-be-be-hoang-pho-kdt-van-phu
Phở Cồ Gia Truyền - Trần Điền,"100 Phố Trần Điền, P. Định Công, Hoàng Mai, Hà Nội",,https://shopeefood.vn/ha-noi/pho-co-gia-truyen-tran-dien
Tú Lan - Nem Nướng Nha Trang - Thái Hà,"300 Thái Hà, P. Láng Hạ, Đống Đa, Hà Nội",,https://shopeefood.vn/ha-noi/tu-lan-nem-nuong-nha-trang-thai-ha
Sun Coffee - Trà Hoa Quả Trái Cây,"102 B3 Nghĩa Tân, P. Nghĩa Tân, Cầu Giấy, Hà Nội",,https://shopeefood.vn/ha-noi/sun-coffee-tra-hoa-qua-trai-cay
Gà Không Lối Thoát - Mẹt Gà Muối Ngọc Ánh,"18G Ngõ 277 Quan Hoa, P. Quan Hoa, Cầu Giấy, Hà Nội",,https://shopeefood.vn/ha-noi/ga-khong-loi-thoat-met-ga-muoi-ngoc-anh
"Bếp Nhà Dứa - Bún Thái Hải Sản, Bắp Bò & Mỳ Trộn","Đối Diện Số 40 Ngách 118 Ngõ 230 Định Công Thượng, P. Định Công, Hoàng Mai, Hà Nội",,https://shopeefood.vn/ha-noi/bep-nha-dua-bun-thai-hai-san-bap-bo-my-tron
Mì Gà Tần - Bánh Mì Tôm Bin - Lĩnh Nam,"17A Hẻm 13/90/71 Lĩnh Nam, P. Mai Động, Hoàng Mai, Hà Nội",,https://shopeefood.vn/ha-noi/mi-ga-tan-banh-mi-tom-bin-linh-nam
Đặc Sản Bánh Cuốn Thanh Hoá - Nhân Mỹ,"Số nhà 23 Ngõ 322/17 Nhân Mỹ, P. Mỹ Đình 1, Nam Từ Liêm, Hà Nội",,https://shopeefood.vn/ha-noi/dac-san-banh-cuon-thanh-hoa-nhan-my
"Freshdays - Eat Clean & Healthy - Cơm Gạo Lứt, Salad & Kimbap Gạo Lứt - Khương Đình","10 Ngách 14/1 Ngõ 376 Khương Đình, P. Khương Đình, Thanh Xuân, Hà Nội",,https://shopeefood.vn/ha-noi/freshdays-eat-clean-healthy-com-gao-lut-salad-kimbap-gao-lut-khuong-dinh
Tiệm Trà Tuna - Minh Khai,"144 Minh Khai, P. Minh Khai, Hai Bà Trưng, Hà Nội",,https://shopeefood.vn/ha-noi/tiem-tra-tuna-minh-khai
"CƠM THỐ SUMO - Phạm Tú, Hoàng Mai","SH 20 Sunrise C, Phạm Tú, The Manor Park Nguyễn Xiển, P. Đại Kim, Hoàng Mai, Hà Nội",,https://shopeefood.vn/ha-noi/com-tho-sumo-pham-tu-hoang-mai
"Luxubu Dessert - Chè Khúc Bạch, Sữa Chua & Tàu Hũ","89 Nguyễn Hữu Huân, Hoàn Kiếm, Hà Nội",,https://shopeefood.vn/ha-noi/luxubu-dessert-che-khuc-bach-sua-chua-tau-hu
3T Food Chân Gà Sốt Thái - Vương Thừa Vũ,"24 Ngõ 184 Vương Thừa Vũ, P. Khương Trung, Thanh Xuân, Hà Nội",,https://shopeefood.vn/ha-noi/3t-food-chan-ga-sot-thai-vuong-thua-vu
An's Fresh Juice - Nước Ép Nguyên Chất & Trà Trái Cây,"429 Nguyễn Văn Cừ, P.Gia Thụy, Long Biên, Hà Nội",,https://shopeefood.vn/ha-noi/an-s-fresh-juice-nuoc-ep-nguyen-chat-tra-trai-cay
"An Thường - Trà Ô Long, Cà Phê & Bánh - Nam Ngư","39 Nam Ngư, P.Cửa Nam, Hoàn Kiếm, Hà Nội",,https://shopeefood.vn/ha-noi/an-thuong-tra-o-long-ca-phe-banh-nam-ngu
Ăn Vặt Mẹ Thỏ - Ngọc Lâm,"57 Ngõ 2 Ngọc Lâm, P. Ngọc Lâm, Long Biên, Hà Nội",,https://shopeefood.vn/ha-noi/an-vat-me-tho-ngoc-lam
Bi Coffee & Organic Healthy Foods - Thạch Bàn,"Số 7 Ngõ 196 Thạch Bàn, P. Thạch Bàn, Long Biên, Hà Nội",,https://shopeefood.vn/ha-noi/bi-coffee-organic-healthy-foods-thach-ban
Bún Cá & Cháo Lòng - Điệp Quyên,"Số 59 Ngách 132/82 Nguyên Xá, P. Minh Khai, Bắc Từ Liêm, Hà Nội",,https://shopeefood.vn/ha-noi/bun-ca-chao-long-diep-quyen
Sữa Hạt Hằng Diệp - Vĩnh Quỳnh,"C21 ngõ 512 khu tập thể 810, Vĩnh Quỳnh, Thanh Trì, Hà Nội",,https://shopeefood.vn/ha-noi/sua-hat-hang-diep-vinh-quynh
Mơ Coffee & Bakery - Nghĩa Tân,"B4/104 Ngõ 1 Nghĩa Tân, P. Nghĩa Tân, Cầu Giấy, Hà Nội",,https://shopeefood.vn/ha-noi/mo-coffee-bakery-nghia-tan
Mì Trộn Đây - Đồ Ăn Vặt - Hoa Bằng,"181 Hoa Bằng, P.Yên Hòa, Cầu Giấy, Hà Nội",,https://shopeefood.vn/ha-noi/mi-tron-day-do-an-vat-hoa-bang
"Bánh Mì, Xôi Mặn & Nước Ép - TIỆM EM DỨA","Số 48 Mỹ Đình, P. Mỹ Đình, Nam Từ Liêm, Hà Nội",,https://shopeefood.vn/ha-noi/banh-mi-xoi-man-nuoc-ep-tiem-em-dua
Oatway Yogurt & Tea - Trà Sữa & Sữa Chua Yến Mạch - Doãn Kế Thiện,"209 Doãn Kế Thiện, P. Mai Dịch, Cầu Giấy, Hà Nội",,https://shopeefood.vn/ha-noi/oatway-yogurt-tea-tra-sua-sua-chua-yen-mach-doan-ke-thien
Tiệm Bún Sao Kim - Trần Vỹ,"100C Đường Trần Vỹ, P. Mai Dịch, Cầu Giấy, Hà Nội",,https://shopeefood.vn/ha-noi/tiem-bun-sao-kim-tran-vy
Pika Lê - 144 Cầu Bươu,"144 Cầu Bươu, X. Tân Triều, Thanh Trì, Hà Nội",,https://shopeefood.vn/ha-noi/pika-le-144-cau-buou
Cơm Gà Nha Trang 79 - Ngõ 81 Hoàng Cầu,"14 Ngõ 81 Hoàng Cầu, P. Ô Chợ Dừa, Đống Đa, Hà Nội",,https://shopeefood.vn/ha-noi/com-ga-nha-trang-79-ngo-81-hoang-cau
A Little Sandwich - Nguyễn Văn Viên,"87 Nguyễn Văn Viên, Hai Bà Trưng, Hà Nội",,https://shopeefood.vn/ha-noi/a-little-sandwich-nguyen-van-vien
"Thu Thủy - Bánh Mì, Cà Phê & Nước Ép","Số 43, Ngõ 379, Ngách 379/7 Đội Cấn, Ba Đình, Hà Nội",,https://shopeefood.vn/ha-noi/thu-thuy-banh-mi-ca-phe-nuoc-ep
Phở Bò Mạnh Tiến - Phùng Khoang,"22 Ngõ 67 Phùng Khoang, P. Trung Văn, Nam Từ Liêm, Hà Nội",,https://shopeefood.vn/ha-noi/pho-bo-manh-tien-phung-khoang
Bánh Mì Bami Bread - Xuân Diệu,"16 Xuân Diệu, P. Quảng An, Tây Hồ, Hà Nội",,https://shopeefood.vn/ha-noi/banh-mi-bami-bread-xuan-dieu
Xôi Hằng Béo,"Kiot số 8 9 10 chợ Xanh KĐT Định Công (phố Trần Nguyên Đán), P. Định Công, Hoàng Mai, Hà Nội",,https://shopeefood.vn/ha-noi/xoi-hang-beo
Detox Hub - A5/D21 Ngõ 11 Duy Tân,"A5/D21 Ngõ 11 Duy Tân, P.Dịch Vọng Hậu, Cầu Giấy, Hà Nội",,https://shopeefood.vn/ha-noi/detox-hub-a5-d21-ngo-11-duy-tan
Bún Thang & Phở Gà Bà Ba - Nguyễn Trãi,"Số 5, Ngõ 330 Nguyễn Trãi, P. Thanh Xuân Trung, Thanh Xuân, Hà Nội",,https://shopeefood.vn/ha-noi/bun-thang-pho-ga-ba-ba-nguyen-trai
"Chị Mít Quán - Bún Bò Nam Bộ, Bún Đậu Mắm Tôm & Nước Uống - Mễ Trì Hạ","5 Mễ Trì Hạ, P. Mễ Trì, Nam Từ Liêm, Hà Nội",,https://shopeefood.vn/ha-noi/chi-mit-quan-bun-bo-nam-bo-bun-dau-mam-tom-nuoc-uong-me-tri-ha
Yes Coffee - 101B3 Trung Tự,"101B3 Trung Tự, P. Trung Tự, Đống Đa, Hà Nội",,https://shopeefood.vn/ha-noi/yes-coffee-101b3-trung-tu
"Smileey Cafe - Cà Phê, Nước Ép & Panini - Hải Âu 10-SP8A-15","Hải Âu 10-SP8A-15, Vinhome Oceanpark, X. Kiêu Kỵ, Gia Lâm, Hà Nội",,https://shopeefood.vn/ha-noi/smileey-cafe-ca-phe-nuoc-ep-panini-hai-au-10-sp8a-15
Cổ Trà - Trà Shan Tuyết 300 Năm Tuổi & Trà Hoa Quả - 94 Trấn Vũ,"94 Trấn Vũ, P. Quán Thánh, Ba Đình, Hà Nội",,https://shopeefood.vn/ha-noi/co-tra-tra-shan-tuyet-300-nam-tuoi-tra-hoa-qua-94-tran-vu
"Sinh Tố, Nước Ép, Sữa Chua - Thụy Khuê","192 Thụy Khuê, P. Thụy Khuê, Tây Hồ, Hà Nội",,https://shopeefood.vn/ha-noi/sinh-to-nuoc-ep-sua-chua-thuy-khue
